nameWithOwner,stars,forks,watchers,releases,openIssues,closedIssues,maturityYears,sizeLoc,sizeComments,cboMean,ditMean,lcomMean,classLocMean,methodsMean
scwang90/SmartRefreshLayout,25171,4970,25171,14,341,0,8.851,18146,0,6.651,1.5073,30.3196,53.2141,3.8358
apolloconfig/apollo,29751,10194,29751,43,154,0,10.097,37064,0,7.4209,1.2529,17.5185,47.3359,6.0179
proxyee-down-org/proxyee-down,24773,4374,24773,49,214,0,8.454,3392,0,5.5167,1.4667,19.5167,56.5333,5.3
apache/skywalking,24771,6642,24771,64,42,0,10.42,66359,0,10.098,1.336,0.3739,132.718,5.038
jenkinsci/jenkins,25180,9461,25180,486,3587,0,15.376,188785,0,6.3457,1.9063,46.6233,45.6996,4.8347
greenrobot/EventBus,24742,4649,24742,7,147,0,13.728,5350,0,4.1385,1.7846,0.26,82.3077,4.6769
google/gson,24336,4424,24336,12,339,0,11.055,34834,0,3.0249,1.2848,20.7253,32.1051,3.0627
Netflix/Hystrix,24464,4698,24464,79,56,0,13.383,62010,0,3.3406,1.5701,20.2539,30.9277,2.9027
libgdx/libgdx,24996,6532,24996,15,334,0,13.659,293525,0,5.1362,1.7898,3433.9335,71.5043,11.8689
redisson/redisson,24292,5499,24292,179,275,0,12.241,128202,0,5.832,1.626,0.5199,256.404,6.814
EnterpriseQualityCoding/FizzBuzzEnterpriseEdition,23595,801,23595,0,545,0,13.372,276,0,2.0,1.0,0.0358,23.0,1.1667
iBotPeaches/Apktool,24217,3906,24217,28,79,0,14.053,13474,0,5.8683,1.7784,53.9581,80.6826,7.4192
LSPosed/LSPosed,23384,3550,23384,39,5,0,5.322,18337,0,6.9231,1.2802,0.2141,100.7527,4.5714
ashishps1/awesome-low-level-design,23201,5693,23201,0,65,0,2.393,14621,0,2.6343,1.1387,3.0542,18.4376,3.0252
dataease/dataease,23738,4070,23738,105,69,0,5.18,44864,0,4.9726,1.2049,28.4187,39.6325,3.5133
doocs/source-code-hunter,23134,4254,23134,0,0,0,6.448,5,0,0.0,1.0,0.0,5.0,1.0
alibaba/Sentinel,23102,8149,23102,26,840,0,8.014,12493,0,6.2339,1.1855,0.3402,100.75,4.4032
openjdk/jdk,22740,6301,22740,0,413,0,7.559,76739,0,7.198,1.246,0.5014,153.478,3.248
apache/rocketmq,22401,11987,22401,24,287,0,9.355,107107,0,18.0532,1.1663,0.499,237.4878,9.5366
kunal-kushwaha/DSA-Bootcamp-Java,22465,13244,22465,0,646,0,4.693,6614,0,1.2688,1.083,3.502,26.1423,2.8577
elunez/eladmin,21938,7367,21938,1,10,0,7.318,15050,0,9.6129,1.3441,0.2704,80.914,3.1344
thingsboard/thingsboard,21504,6216,21504,79,208,0,9.352,69604,0,19.524,1.434,0.3366,139.208,4.904
google/ExoPlayer,21926,6015,21926,28,632,0,11.819,262348,0,7.5879,1.295,52.2201,79.9598,7.2188
CarGuo/GSYVideoPlayer,21426,4323,21426,65,14,0,9.402,1279,0,4.4583,1.375,14.4583,53.2917,6.25
brettwooldridge/HikariCP,21089,3012,21089,0,528,0,12.501,11464,0,4.3838,1.2865,172.6703,61.9676,7.5838
oracle/graal,21549,1788,21549,32,824,0,10.231,345476,0,6.3629,2.3603,215.7284,56.552,5.956
mybatis/mybatis-3,20411,12941,20411,46,209,0,13.144,61067,0,3.5695,1.238,21.2711,34.7762,4.9117
linlinjava/litemall,20215,7328,20215,8,46,0,8.047,90884,0,4.6175,1.1264,1532.8849,147.2998,19.201
didi/DoKit,20428,3190,20428,14,274,0,7.652,80443,0,4.5035,1.3206,71.7667,51.2702,5.6412
ReactiveX/RxAndroid,20148,2942,20148,20,1,0,11.639,1452,0,2.2727,1.1273,3.0909,26.4,2.7091
yudaocode/SpringBoot-Labs,20077,6172,20077,0,46,0,7.573,17714,0,4.298,1.0533,1.4436,12.108,2.0485
apache/shardingsphere,20710,6908,20710,59,322,0,10.223,249285,0,7.3539,1.3682,29.7257,27.9875,3.7896
dianping/cat,18968,5420,18968,3,215,0,13.342,98001,0,5.3784,1.4345,23.0359,51.7976,5.1321
lionsoul2014/ip2region,18909,2985,18909,22,3,0,10.434,2571,0,4.1042,1.2083,11.375,53.5625,5.1458
Baseflow/PhotoView,18847,3919,18847,5,225,0,13.725,1792,0,4.7333,1.3556,24.6,39.8222,4.1556
antlr/antlr4,18817,3431,18817,31,1054,0,16.175,17680,0,5.1853,1.7552,37.3357,61.8182,6.9266
dromara/Sa-Token,18733,2890,18733,39,101,0,6.179,27347,0,4.4921,1.2199,60.2238,35.7945,5.8573
williamfiset/Algorithms,18558,4526,18558,0,49,0,9.06,32753,0,2.7222,1.0556,23.8533,72.7844,7.1
Tencent/APIJSON,18406,2272,18406,112,239,0,9.38,778,0,1.6667,1.0,1735.3333,259.3333,47.3333
LMAX-Exchange/disruptor,18282,3962,18282,14,15,0,13.547,13167,0,4.4805,1.2902,25.8829,32.1146,3.9805
YunaiV/yudao-cloud,18763,4698,18763,40,1,0,6.938,130630,0,8.1627,1.2143,13.4505,25.5436,3.246
forezp/SpringCloudLearning,17960,7988,17960,0,50,0,9.002,1123,0,4.5524,1.049,0.5455,7.8531,1.4126
Tencent/tinker,17787,3358,17787,60,556,0,9.588,40447,0,4.7923,1.6038,28.4712,77.7827,5.4538
ben-manes/caffeine,17601,1684,17601,72,1,0,11.321,108831,0,12.9161,1.1722,0.4585,240.245,8.7991
infinilabs/analysis-ik,17438,3283,17438,1,18,0,14.313,2980,0,4.9268,1.3415,20.6585,72.6829,7.2683
justauth/JustAuth,17424,2850,17424,46,73,0,7.187,6054,0,5.5101,1.3434,12.9848,30.5758,4.5455
openzipkin/zipkin,17421,3105,17421,99,169,0,13.837,56610,0,11.0312,1.223,0.4167,135.7554,4.7962
baomidou/mybatis-plus,17343,4444,17343,40,120,0,9.64,13766,0,5.8762,1.3879,27.6565,32.1636,4.1051
gyoogle/tech-interview-for-developer,17259,3725,17259,0,19,0,6.834,636,0,1.3077,1.0,0.9231,48.9231,3.0
alibaba/DataX,17164,5664,17164,7,1354,0,8.222,81194,0,4.4959,1.7152,22.6489,66.4435,4.7512
material-components/material-components-android,17230,3228,17230,118,787,0,9.342,82306,0,7.2924,1.6243,101.2056,57.1569,6.6278
nostra13/Android-Universal-Image-Loader,17018,6034,17018,0,460,0,14.363,7434,0,4.8643,1.5857,28.8429,53.1,5.8214
facebook/fresco,17158,3749,17158,55,259,0,11.105,21636,0,5.8971,1.3603,43.6642,53.0294,7.2966
heibaiying/BigData-Notes,16889,4305,16889,0,37,0,7.083,2124,0,5.7143,1.2208,0.8182,27.5844,2.8312
questdb/questdb,16840,1561,16840,104,825,0,11.945,135864,0,11.378,1.19,0.5156,271.728,12.502
winterbe/java8-tutorial,16763,4009,16763,0,19,0,12.063,2081,0,1.0341,1.0,3.9091,23.6477,2.4545
Grasscutters/Grasscutter,16759,4355,16759,20,149,0,3.978,441525,0,1.026,1.116,0.9233,883.05,50.138
shuzheng/zheng,16693,7278,16693,0,81,0,9.511,41742,0,4.499,1.4086,340.8566,82.0079,11.0511
JeffLi1993/springboot-learning-example,16592,7097,16592,0,54,0,9.169,1641,0,4.614,1.0439,2.8509,14.3947,3.3246
prestodb/presto,16682,5534,16682,14,2857,0,13.665,332114,0,8.7889,1.3282,87.9795,62.031,7.517
ashishps1/awesome-leetcode-resources,16206,3462,16206,0,13,0,2.456,360,0,1.1818,1.0,4.7273,32.7273,2.5455
neo4j/neo4j,16271,2585,16271,72,189,0,13.405,234000,0,6.5847,1.5795,49.6864,57.3389,6.2774
android-hacker/VirtualXposed,15985,2520,15985,50,158,0,8.353,47736,0,3.947,2.7928,14.6958,32.8534,2.6297
quarkusio/quarkus,15589,3125,15589,467,2654,0,7.759,117769,0,4.5597,1.3828,12.6659,35.612,3.5038
android10/Android-CleanArchitecture,15553,3286,15553,0,144,0,11.639,2260,0,5.1429,1.4286,6.7238,21.5238,3.6952
apache/hadoop,15515,9208,15515,0,124,0,11.614,1672525,0,7.4686,1.6063,70.3209,76.0619,7.0121
Konloch/bytecode-viewer,15469,1224,15469,62,100,0,11.485,21768,0,4.7246,2.0531,13.6884,52.5797,4.1957
mockito/mockito,15432,2655,15432,226,483,0,13.484,53517,0,3.4512,1.397,18.9851,24.9963,3.2901
apache/pulsar,15189,3714,15189,123,1673,0,9.78,511293,0,6.8712,1.6878,89.7541,71.9726,5.9098
apache/doris,15188,3750,15188,84,861,0,8.663,698666,0,8.4512,1.7051,124.9912,74.3183,7.0929
java-decompiler/jd-gui,15063,2478,15063,18,245,0,11.042,19309,0,4.5381,2.4177,11.1155,47.4423,3.9214
zhisheng17/flink-learning,15051,3955,15051,0,0,0,7.269,15829,0,4.3782,1.1437,3.0227,23.947,2.1846
supertokens/supertokens-core,15001,657,15001,119,150,0,6.259,113118,0,9.6035,1.4504,73.7134,111.0088,6.422
zaproxy/zaproxy,14963,2533,14963,26,852,0,10.847,171397,0,4.7476,1.9057,70.9199,71.8646,7.8226
cryptomator/cryptomator,14905,1276,14905,205,288,0,12.181,19088,0,8.4101,1.4207,19.6406,40.3552,5.389
theonedev/onedev,14840,948,14840,469,0,0,7.422,339086,0,5.8452,1.4038,26.8477,40.2428,3.4353
elastic/logstash,14823,3497,14823,241,2229,0,15.389,43865,0,5.4137,1.6217,21.4309,47.015,5.6559
eclipse-vertx/vert.x,14661,2101,14661,0,220,0,14.812,168206,0,6.6879,1.6375,157.6419,83.1879,8.8215
arduino/Arduino,14563,6984,14563,37,737,0,15.556,25793,0,3.8533,1.6444,32.7222,57.3178,5.22
hdodenhof/CircleImageView,14538,3096,14538,0,7,0,12.222,360,0,11.0,2.3333,178.6667,120.0,13.0
Tencent/QMUI_Android,14509,2673,14509,35,429,0,8.966,58309,0,5.4681,1.6295,35.3424,54.6989,5.0647
alibaba/ARouter,14492,2613,14492,16,141,0,9.317,3165,0,3.6939,1.4082,17.449,32.2959,3.7959
GoogleContainerTools/jib,14368,1471,14368,176,245,0,8.208,35416,0,7.0611,1.2216,17.1151,50.3068,6.0511
languagetool-org/languagetool,14282,1496,14282,0,2100,0,12.665,214033,0,5.3898,1.59,55.6644,81.6297,6.09
DuGuQiuBai/Java,14223,5170,14223,0,77,0,10.371,10840,0,0.7722,1.1777,1.0792,17.5121,1.6365
deeplearning4j/deeplearning4j,14221,3841,14221,0,617,0,12.364,571489,0,8.3959,2.1918,54025.1128,99.3721,17.2714
apache/dolphinscheduler,14211,5024,14211,56,134,0,7.105,95048,0,6.5707,1.3735,9.9041,34.9056,3.9464
kekingcn/kkFileView,14039,3227,14039,16,47,0,8.323,13264,0,6.6827,1.0769,321.8462,127.5385,9.0192
Netflix/zuul,13998,2439,13998,66,7,0,13.07,22408,0,6.5635,1.6096,24.9981,43.0923,5.2173
janishar/mit-deep-learning-book-pdf,13994,2875,13994,3,12,0,9.005,2,0,0.0,1.0,0.0,2.0,0.0
apache/druid,13974,3771,13974,71,804,0,13.457,783967,0,7.8977,1.3754,62.5202,52.268,5.6847
xpipe-io/xpipe,13967,533,13967,152,46,0,3.198,73223,0,7.1757,1.5487,19.9266,44.0572,4.2798
sqshq/piggymetrics,13890,6384,13890,2,26,0,11.028,1881,0,6.0404,1.0606,3.8283,19.0,3.0707
orhanobut/logger,13875,2136,13875,16,81,0,11.053,827,0,5.8333,1.1667,14.9444,45.9444,5.7778
pinpoint-apm/pinpoint,13822,3759,13822,63,516,0,11.469,291617,0,5.2491,1.1383,11.7412,31.5876,4.0174
lgvalle/Material-Animations,13767,2450,13767,0,20,0,11.086,1010,0,4.4,1.4667,4.7556,22.4444,2.7111
seaswalker/spring-analysis,13761,4150,13761,0,20,0,9.58,378,0,2.4242,1.2424,1.7879,11.4545,2.3939
JessYanCoding/AndroidAutoSize,13745,2010,13745,14,125,0,7.644,1720,0,5.4082,1.4082,31.2857,35.102,5.2449
LuckSiege/PictureSelector,13596,3114,13596,116,579,0,9.259,39103,0,5.156,1.2374,49.4491,53.057,5.3501
tink-crypto/tink,13550,1185,13550,21,0,0,11.841,82161,0,7.6662,1.2887,30.0758,56.0826,6.1515
Bigkoo/Android-PickerView,13468,3460,13468,0,437,0,11.28,4421,0,3.7253,1.1538,15.4945,48.5824,4.3187
macrozheng/mall-learning,13370,8314,13370,0,5,0,6.992,14384,0,4.9719,1.1044,229.51,57.7671,8.8795
projectlombok/lombok,13428,2474,13428,0,998,0,16.832,77726,0,11.032,1.224,0.3443,155.452,6.06
pxb1988/dex2jar,13107,2194,13107,8,379,0,11.066,41716,0,5.4256,1.5709,21.1331,73.0578,4.338
youth5201314/banner,13040,2528,13040,0,46,0,9.963,2724,0,6.0822,1.8356,47.6849,37.3151,4.4658
alibaba/COLA,12921,3231,12921,11,102,0,8.17,9619,0,4.3292,1.3274,4.975,17.2075,2.7853
metersphere/metersphere,13075,2795,13075,184,41,0,6.179,321954,0,6.6742,1.2979,446.2396,86.9676,9.3044
macrozheng/mall-swarm,12906,5506,12906,3,9,0,6.371,101603,0,3.788,1.2317,1106.2291,132.9882,18.9607
microg/GmsCore,12862,2696,12862,45,1247,0,11.959,58563,0,6.0375,1.7234,13.8794,29.2961,4.058
plantuml/plantuml,12881,1169,12881,67,609,0,15.428,200481,0,7.1762,1.5202,36.2928,48.1925,5.7161
Netflix/conductor,12783,2330,12783,319,164,0,9.333,47052,0,7.4985,1.2545,78.6747,70.8614,8.7364
codecentric/spring-boot-admin,12829,3126,12829,147,52,0,11.707,13881,0,7.7538,1.2898,7.2636,30.2418,3.9412
apache/zookeeper,12748,7320,12748,0,223,0,17.035,124292,0,5.6883,1.9926,37.0854,70.3009,5.7941
google/guice,12735,1686,12735,19,361,0,11.863,84793,0,3.8006,1.3047,8.4622,21.8201,2.1668
Netflix/eureka,12699,3775,12699,152,136,0,13.7,33579,0,5.8594,1.2691,18.6131,44.9518,4.8059
trinodb/trino,12698,3555,12698,4,2572,0,7.22,90536,0,16.368,1.182,0.4379,181.072,8.53
facebook/stetho,12695,1115,12695,13,85,0,11.209,19241,0,4.3793,1.4235,7.4966,32.7228,3.165
greenrobot/greenDAO,12616,2871,12616,8,237,0,14.464,18545,0,5.0137,2.1016,47.4533,50.9478,6.8956
debezium/debezium,12593,2903,12593,0,145,0,10.209,217945,0,6.822,1.6048,60.6774,65.0971,6.9886
zhihu/Matisse,12560,2053,12560,15,465,0,8.988,3418,0,6.6579,1.3947,8.0789,44.9737,5.0658
LawnchairLauncher/lawnchair,12541,1481,12541,31,660,0,9.101,283547,0,9.1742,1.4179,193.3522,80.9903,8.5584
opensearch-project/OpenSearch,12711,2507,12711,66,2693,0,5.188,1338664,0,7.4547,1.7235,39.5083,67.6879,6.1344
daimajia/AndroidViewAnimations,12466,2418,12466,9,66,0,11.795,965,0,3.378,1.8049,2.2927,11.7683,1.6707
opendataloader-project/opendataloader-pdf,12444,1039,12444,54,22,0,0.906,15812,0,7.4516,1.1871,52.0839,102.0129,8.3677
daimajia/AndroidSwipeLayout,12382,2646,12382,18,383,0,11.622,2770,0,3.7162,1.3243,58.9054,37.4324,4.2838
pagehelper-org/Mybatis-PageHelper,12376,3110,12376,15,56,0,11.833,7474,0,5.8207,1.4565,29.3913,40.6196,3.9293
amitshekhariitbhu/android-interview-questions,12306,2381,12306,0,14,0,8.747,5,0,0.0,1.0,0.0,5.0,1.0
beemdevelopment/Aegis,12249,519,12249,73,96,0,9.645,23971,0,7.4017,1.7096,22.2009,52.3384,4.9127
redis/jedis,12302,3900,12302,121,100,0,15.828,126557,0,5.7106,1.4213,460.8101,87.4012,11.4461
provectus/kafka-ui,12005,1384,12005,25,347,0,6.368,18139,0,7.2437,1.5107,17.1345,35.3587,4.7057
Yalantis/uCrop,12106,2229,12106,20,317,0,10.259,4707,0,6.3377,1.3636,28.9091,61.1299,6.2468
aosp-mirror/platform_frameworks_base,10825,6486,10825,0,8,0,17.462,126556,0,13.508,1.104,0.4499,253.112,10.088
dyc87112/SpringBoot-Learning,15786,4830,15786,0,68,0,9.632,944,87,4.4535,1.026,1.4535,10.3717,1.8253
Anuken/Mindustry,27157,3385,27157,184,103,0,8.942,143743,8470,3.9733,2.0,0.384,249.7667,9.6033
facebook/buck,8560,1134,8560,57,226,0,12.975,503616,0,7.0888,1.3661,26.1811,46.8132,5.3409
google/tsunami-security-scanner,8561,917,8561,1,9,0,5.848,9082,0,6.2282,1.5268,15.1208,30.4765,4.6846
junit-team/junit4,8550,3277,8550,13,0,0,17.235,32946,0,3.8681,1.4643,12.9613,22.397,2.9245
apache/beam,8543,4527,8543,57,4090,0,10.182,751417,0,7.4787,1.5287,20.4661,45.5073,4.6678
chrisjenx/Calligraphy,8540,1084,8540,4,94,0,12.301,968,0,5.72,1.44,11.36,38.72,4.56
wildfirechat/im-server,8476,1899,8476,115,13,0,7.209,161275,0,6.4454,1.5449,112.1778,155.8213,10.4493
DImuthuUpe/AndroidPdfViewer,8460,2138,8460,0,744,0,9.848,3325,0,4.8596,1.2456,76.7719,58.3333,6.5263
spring-projects/spring-ai,8450,2450,8450,19,1287,0,2.782,179011,0,6.9899,1.2073,28.1951,46.2083,5.2909
roughike/BottomBar,8381,1484,8381,4,275,0,10.064,2834,0,4.9091,1.2879,61.6667,42.9394,5.0758
hs-web/hsweb-framework,8404,3033,8404,32,8,0,10.223,26153,0,6.1725,1.3485,11.5291,30.4814,3.8147
bytedeco/javacv,8302,1615,8302,14,464,0,11.967,26976,0,6.1256,2.13,134.8475,120.9686,9.7803
alibaba/transmittable-thread-local,8281,1724,8281,58,56,0,12.487,6932,0,5.5871,1.4323,12.3548,44.7226,5.3484
aritraroy/UltimateAndroidReference,8241,1277,8241,0,13,0,8.997,22,0,1.0,1.0,0.0,22.0,4.0
krahets/LeetCode-Book,8224,884,8224,0,6,0,4.309,5690,0,1.2921,1.002,0.073,11.5416,1.0892
apache/shardingsphere-elasticjob,8223,3256,8223,31,124,0,10.576,15593,0,5.4631,1.1544,3.193,26.1628,3.4379
LaurieWired/GhidraMCP,8220,774,8220,5,72,0,1.046,1219,0,16.3333,1.6667,459.0,406.3333,19.6667
alibaba/atlas,8164,1469,8164,7,89,0,9.109,157514,0,5.6386,1.4357,29.8842,71.7931,5.9581
pentaho/pentaho-kettle,8328,3580,8328,1,59,0,12.498,792426,0,6.0509,1.2817,81.9173,69.7435,5.7827
alibaba/otter,8131,2476,8131,10,334,0,12.665,68163,0,4.5949,1.4537,32.4545,52.5949,5.2353
florent37/MaterialViewPager,8103,1469,8103,11,183,0,10.957,1616,0,4.5455,1.2955,9.3864,36.7273,3.5909
apache/tomcat,8134,5360,8134,0,28,0,14.522,361109,0,4.6358,1.8198,182.4677,75.943,7.3569
guolindev/LitePal,8079,1588,8079,0,99,0,13.131,11830,0,5.01,1.6517,49.4478,58.8557,5.7065
davemorrissey/subsampling-scale-image-view,8009,1233,8009,21,49,0,12.616,4262,0,5.625,1.5833,79.7222,59.1944,4.75
junixapp/XPopup,8025,1208,8025,221,171,0,7.337,12348,0,4.7049,1.577,22.9016,40.4852,4.1049
gunnarmorling/1brc,7995,2217,7995,0,41,0,2.281,53431,0,3.2983,1.09,7.58,89.0517,4.58
Netflix/SimianArmy,7980,1123,7980,4,43,0,13.755,16056,0,5.8459,1.423,25.1607,52.6426,5.7902
JakeWharton/hugo,7912,793,7912,0,60,0,12.37,384,0,5.7143,1.1429,27.7143,54.8571,6.2857
jeecgboot/jimureport,7904,1842,7904,33,13,0,6.344,350,0,6.1667,1.0,2.5,29.1667,2.9167
exadel-inc/CompreFace,7870,1090,7870,11,233,0,5.758,7766,0,7.8529,1.6577,3.8949,23.3213,2.9069
dropwizard/metrics,7849,1793,7849,142,34,0,16.112,30088,0,5.526,1.3675,9.1407,41.1038,4.6913
HannahMitt/HomeMirror,7828,655,7828,0,37,0,10.628,1719,0,2.7273,1.0758,5.3485,26.0455,2.1364
Graylog2/graylog2-server,8000,1100,8000,0,2002,0,15.893,270644,0,8.2192,1.3304,18.329,34.5165,5.0579
AntennaPod/AntennaPod,7793,1664,7793,65,328,0,13.689,55115,0,7.5501,1.486,20.8485,64.2366,5.7622
lecho/hellocharts-android,7767,1603,7767,14,293,0,11.491,10995,0,6.4248,1.6667,40.2941,71.8627,7.634
MuntashirAkon/AppManager,7771,441,7771,76,204,0,5.859,128605,0,7.9279,1.4744,73.871,81.3441,6.9785
ChrisRM/material-theme-jetbrains,7763,444,7763,17,1,0,10.543,14517,0,4.3305,2.2549,84.423,40.6639,5.9692
Tencent/Shadow,7749,1344,7749,5,66,0,6.823,21909,0,4.2463,1.7849,17.3323,32.5059,3.9525
PowerJob/PowerJob,7721,1373,7721,51,328,0,6.064,24684,0,5.7457,1.1841,5.1377,32.694,2.7219
FongMi/TV,7712,2333,7712,0,3,0,3.797,30986,0,6.8694,1.4209,107.149,47.5975,8.2243
goldze/MVVMHabit,7708,1699,7708,3,23,0,8.717,9110,0,3.5831,1.2727,15.7649,28.558,3.5298
trello-archive/RxLifecycle,7668,637,7668,22,4,0,10.721,2368,0,6.4321,1.6543,1.4074,29.2346,4.2469
vipshop/vjtools,7650,1516,7650,9,56,0,7.863,18382,0,3.1346,1.277,26.3008,48.5013,5.2401
gedoor/MyBookshelf,7625,1801,7625,165,226,0,7.825,48096,0,6.3348,1.4694,58.6622,71.8924,6.9671
google/android-classyshark,7596,874,7596,17,41,0,10.491,8714,0,3.1698,1.2783,10.25,41.1038,4.2217
mapstruct/mapstruct,7642,1014,7642,36,501,0,13.864,103911,0,3.8323,1.1717,11.189,21.6256,3.421
MinecraftForge/MinecraftForge,7576,2797,7576,0,192,0,14.19,56657,0,7.4218,1.5721,32.6914,38.1786,4.9771
koush/AndroidAsync,7551,1547,7551,0,355,0,13.624,18086,0,3.6133,1.5322,19.4401,33.3076,3.814
Genymobile/gnirehtet,7532,698,7532,12,320,0,9.161,4330,0,3.7654,1.1852,14.2963,53.4568,6.3704
iflytek/astron-rpa,7534,834,7534,5,22,0,0.55,39850,0,5.5615,1.1383,38.1957,40.8299,4.417
kaushikgopal/RxJava-Android-Samples,7525,1365,7525,0,10,0,11.713,2633,0,6.6279,1.8256,9.1977,30.6163,3.9884
kevin-wayne/algs4,7524,2676,7524,0,25,0,10.606,22522,0,4.0036,1.0215,47.4695,80.724,8.9391
yuanguangxin/LeetCode,7487,1867,7487,0,0,0,6.242,892,0,1.1944,1.0,1.5278,24.7778,2.1389
swagger-api/swagger-core,7523,2247,7523,130,201,0,14.76,46987,0,4.6788,1.2269,49.7719,28.9686,3.6233
dependency-check/DependencyCheck,7486,1398,7486,91,217,0,13.593,42006,0,6.9553,1.8327,63.9611,81.7237,7.2918
lenve/VBlog,7432,2901,7432,0,68,0,8.285,781,0,4.5517,1.0345,29.069,26.931,6.1034
dyc87112/SpringCloud-Learning,7393,2868,7393,0,23,0,9.632,13492,0,5.8782,1.0449,28.734,43.2436,5.9679
enso-org/enso,7431,338,7431,722,607,0,9.309,129746,0,6.4331,1.6833,36.5535,47.1804,5.9171
abel533/Mapper,7388,1609,7388,11,251,0,11.381,19455,0,5.0862,1.2435,36.2371,41.9289,4.8599
Qihoo360/RePlugin,7348,1553,7348,19,349,0,8.835,30275,0,5.1886,1.4167,32.0197,66.3925,5.6842
leolin310148/ShortcutBadger,7338,1345,7338,0,193,0,12.397,885,0,5.2903,1.1613,3.4839,28.5484,2.6452
square/dagger,7308,3091,7308,0,63,0,13.681,8043,0,3.1749,1.2291,5.9877,19.8103,1.9704
Bearded-Hen/Android-Bootstrap,7251,1405,7251,5,31,0,12.435,10389,0,6.962,1.6709,31.3924,131.5063,6.6835
gocd/gocd,7386,977,7386,87,76,0,12.32,257388,0,7.504,1.2777,34.4962,48.7477,6.1958
zhongyi-tong/WeChatLuckyMoney,7243,2199,7243,20,23,0,10.524,931,0,5.381,1.381,8.8095,44.3333,4.0476
Exrick/xmall,7238,2541,7238,0,45,0,8.698,45293,0,4.3101,1.1614,632.8291,143.3323,17.0095
crazycodeboy/TakePhoto,7237,1498,7237,15,423,0,10.68,2403,0,5.0545,1.2545,10.8909,43.6909,5.4909
pedant/sweet-alert-dialog,7229,1918,7229,2,161,0,11.472,943,0,4.375,1.25,31.0625,58.9375,5.25
NanoHttpd/nanohttpd,7213,1725,7213,3,202,0,13.659,7106,0,4.3403,1.7917,22.1597,49.3472,4.9444
wiremock/wiremock,7199,1496,7199,52,475,0,14.497,77924,0,5.9837,1.4181,69.9208,42.2581,6.3682
cymcsg/UltimateRecyclerView,7192,1416,7192,9,181,0,11.195,16083,0,5.2147,1.6937,41.3927,42.1021,5.2906
didi/KnowStreaming,7176,1297,7176,23,153,0,6.056,31517,0,7.1959,1.8191,10.3223,33.7441,3.2527
Alluxio/alluxio,7183,2944,7183,61,1037,0,13.295,252449,0,6.9066,1.4835,30.6588,62.6891,6.4624
apache/hertzbeat,7157,1263,7157,7,312,0,4.175,81566,0,7.119,1.248,13.0319,47.367,4.3374
traccar/traccar,7152,3203,7152,69,517,0,13.979,69487,0,5.615,1.9242,6.0038,37.8882,2.5802
google/error-prone,7154,786,7154,65,471,0,11.63,106956,0,7.959,1.5528,27.2397,35.0675,5.0184
google/agera,7135,630,7135,16,6,0,10.311,10897,0,6.3276,1.2414,14.8448,37.5759,5.3931
h2pl/JavaTutorial,7124,1619,7124,1,9,0,7.94,14,0,0.3333,1.0,0.3333,4.6667,1.0
rest-assured/rest-assured,7124,1932,7124,0,590,0,15.466,28974,0,5.1714,1.211,105.8683,41.0397,7.9802
ogaclejapan/SmartTabLayout,7083,1328,7083,0,125,0,11.149,1912,0,6.3556,1.6444,9.7111,42.4889,5.1333
Col-E/Recaf,7093,518,7093,170,99,0,8.701,79362,0,8.4424,1.5822,27.2953,47.6363,5.3019
JakeWharton/ActionBarSherlock,7071,3473,7071,32,91,0,15.088,26463,0,6.1265,1.9719,63.3981,61.9742,6.7096
naman14/Timber,7049,2144,7049,5,215,0,10.823,21819,0,5.3996,1.4614,19.7483,48.1656,4.0949
mrniko/netty-socketio,7026,1674,7026,19,437,0,14.24,6758,0,4.8239,1.2557,32.1023,38.3977,5.0341
NLPchina/elasticsearch-sql,7021,1532,7021,302,332,0,11.625,33009,0,9.5812,2.0794,189.5235,119.1661,9.0108
junit-team/junit-framework,6994,1661,6994,107,121,0,11.239,103413,0,4.7166,1.2982,35.7104,28.8219,4.0109
DroidPluginTeam/DroidPlugin,6974,2497,6974,2,228,0,10.617,22301,0,3.3028,4.388,3.6997,28.3728,1.888
logisim-evolution/logisim-evolution,6966,918,6966,32,219,0,11.554,168706,0,6.0491,2.4231,29.1237,86.2064,6.8038
alibaba/jvm-sandbox,6957,1586,6957,13,46,0,8.682,14407,0,3.4828,1.3264,12.3609,33.1195,3.8805
macrozheng/springcloud-learning,6923,2826,6923,0,0,0,6.587,5631,0,4.8844,1.0222,85.8756,25.0267,4.0444
smuyyh/BookReader,6885,1889,6885,0,40,0,9.681,30914,0,4.7825,1.4378,25.3233,44.226,4.2132
rabbitmq/rabbitmq-tutorials,6883,3564,6883,0,4,0,15.548,1586,0,4.5882,1.0,2.1961,31.098,2.4902
CeuiLiSA/Pixiv-Shaft,6876,229,6876,127,161,0,7.023,38041,0,4.8788,1.4436,25.5141,35.7528,3.6513
vespa-engine/vespa,6866,705,6866,271,250,0,9.845,608740,0,6.0937,1.6211,40.3478,53.3795,6.3003
getActivity/AndroidProject,6865,1413,6865,18,1,0,7.461,21674,0,7.9155,2.2534,19.8529,59.0572,5.327
Meituan-Dianping/walle,6863,1088,6863,1,108,0,9.243,4633,0,3.1489,1.1915,8.6915,49.2872,4.234
hongyangAndroid/okhttputils,6855,2375,6855,0,217,0,10.645,1961,0,3.7286,1.4571,6.2,28.0143,3.3571
raphw/byte-buddy,6799,846,6799,313,29,0,12.367,291974,0,6.1348,1.6309,15.2109,46.7907,3.5933
zo0r/react-native-push-notification,6792,2017,6792,35,159,0,10.316,1884,0,6.3103,1.2414,15.4828,64.9655,4.6207
guardianproject/haven,6793,749,6793,37,145,0,9.106,4561,0,6.8228,1.3924,11.7722,57.7342,5.2152
Angel-ML/angel,6790,1590,6790,20,136,0,8.956,207142,0,7.4278,1.7466,63.4309,106.8844,8.2487
gzu-liyujiang/AndroidPicker,6776,1500,6776,58,196,0,10.467,13541,0,5.4351,1.6444,51.7155,56.6569,6.8159
fuzhengwei/itstack-demo-design,6775,1977,6775,0,35,0,5.886,3992,0,2.1674,1.107,5.3256,18.5674,3.3209
527515025/springBoot,6774,3155,6774,0,87,0,9.418,6250,0,5.0871,1.1477,15.4962,23.6742,4.125
648540858/wvp-GB28181-pro,6775,1921,6775,2,50,0,5.399,49792,0,8.244,1.2846,33.3037,63.2681,6.1093
Meituan-Dianping/Leaf,6737,1873,6737,0,95,0,7.326,1305,0,3.475,1.425,11.25,32.625,4.175
Suwayomi/Suwayomi-Server,6747,356,6747,58,154,0,5.29,41481,0,5.5485,1.6189,1495.5218,100.682,15.983
markzhai/AndroidPerformanceMonitor,6733,1019,6733,0,57,0,10.226,2234,0,4.0741,1.2778,14.0741,41.3704,4.1481
getActivity/XXPermissions,6717,891,6717,75,3,0,7.817,8625,0,7.4224,1.6708,105.3043,53.5714,6.1801
quartz-scheduler/quartz,6712,1995,6712,8,73,0,10.089,35394,0,5.5791,1.4545,124.5791,69.9486,8.0059
zouzg/mybatis-generator-gui,6705,2516,6705,16,120,0,9.916,3047,0,7.1795,1.4872,69.9487,78.1282,7.9487
hongyangAndroid/AndroidAutoLayout,6687,1886,6687,0,132,0,10.387,2370,0,5.8333,2.0,8.8077,30.3846,4.1154
jOOQ/jOOQ,6694,1225,6694,122,2135,0,14.979,228084,0,9.8063,1.8218,1679.7284,67.6406,14.4967
yanzhenjie/AndPermission,6646,1101,6646,0,176,0,9.574,4486,0,3.994,1.1667,7.4881,26.7024,3.1429
apache/storm,6679,4044,6679,9,38,0,12.424,363204,0,5.3625,1.222,49.1009,82.1914,6.1826
JesusFreke/smali,6624,1113,6624,0,144,0,13.539,46762,0,6.0182,1.6667,15.0165,40.592,4.4514
hazelcast/hazelcast,6610,1872,6610,201,1099,0,14.051,72361,0,14.086,1.374,0.4369,144.722,5.65
apache/zeppelin,6614,2818,6614,0,102,0,11.042,190534,0,5.5888,1.2569,43.3989,90.472,6.4231
GrenderG/Toasty,6594,800,6594,19,50,0,9.218,487,0,4.0625,1.0625,56.625,30.4375,4.8125
pig-mesh/pig,6607,1078,6607,20,285,0,6.62,7667,0,6.9556,1.3081,5.3003,20.0183,2.4621
NLPchina/ansj_seg,6542,2288,6542,3,54,0,13.591,11965,0,6.3165,1.1881,9.633,54.8853,4.2936
ximsfei/Android-skin-support,6520,1100,6520,0,103,0,9.238,19377,0,6.079,1.3926,17.6716,47.8444,4.9951
nayuki/QR-Code-generator,6505,1255,6505,5,12,0,9.982,1823,0,3.9474,1.4211,19.5789,95.9474,7.3158
freeok/so-novel,6506,523,6506,54,17,0,3.88,3188,0,5.8571,1.1786,3.1071,37.9524,2.6071
processing/processing,6497,1476,6497,48,495,0,13.202,109671,0,3.6746,1.6247,507.7961,118.949,9.6551
Javen205/IJPay,6440,1489,6440,24,16,0,8.936,14136,0,5.5897,1.37,139.4029,51.7802,5.9634
gephi/gephi,6435,1599,6435,19,517,0,14.464,135500,0,4.6179,1.6689,29.4552,54.4395,5.4753
jetlinks/jetlinks-community,6434,1874,6434,21,50,0,6.267,61140,0,7.9106,1.2676,11.8498,32.9241,4.196
ArthurHub/Android-Image-Cropper,6429,1371,6429,32,362,0,11.231,4655,0,7.725,1.375,70.375,116.375,9.275
wxiaoqi/Spring-Cloud-Platform,6426,2365,6426,3,15,0,8.873,6014,0,4.791,1.4068,57.6497,33.9774,6.2034
vinc3m1/RoundedImageView,6418,1240,6418,19,0,0,13.125,1265,0,8.4,1.8,107.4667,84.3333,8.0667
AsyncHttpClient/async-http-client,6411,1591,6411,12,104,0,15.091,33464,0,6.0809,1.4941,49.4992,56.4317,5.9578
graphhopper/graphhopper,6399,1904,6399,46,250,0,14.136,103318,0,6.7638,1.262,31.72,74.1694,6.626
micronaut-projects/micronaut-core,6396,1173,6396,355,795,0,8.09,184424,0,5.7034,1.3105,35.9265,35.6582,4.6982
hibernate/hibernate-orm,6469,3743,6469,173,124,0,15.513,1101785,0,6.9207,1.3413,75.0281,41.6475,5.4346
joelittlejohn/jsonschema2pojo,6372,1672,6372,67,241,0,12.794,13773,0,6.6367,1.161,46.5393,51.5843,6.8202
aa112901/remusic,6382,1921,6382,0,89,0,10.042,47786,0,5.1905,1.4533,41.6462,56.5515,4.7278
DerekYRC/mini-spring,6354,1449,6354,1,32,0,5.391,2509,0,3.4238,1.2185,5.0861,16.6159,2.7285
haifengl/smile,6363,1147,6363,43,7,0,11.384,218055,0,4.1,1.26,0.4886,436.11,21.552
apache/flink-cdc,6388,2142,6388,24,60,0,5.697,133542,0,8.4325,1.4541,28.5238,62.8433,6.5224
amitshekhariitbhu/from-java-to-kotlin,6336,785,6336,0,10,0,8.884,37,0,0.5,1.0,0.0,18.5,4.0
wasabeef/richeditor-android,6350,1205,6350,0,221,0,11.028,804,0,2.4186,1.1395,46.9535,18.6977,2.5814
sshahine/JFoenix,6340,1047,6340,0,133,0,10.585,24546,0,6.92,1.6235,22.0847,57.7553,4.9647
lightbend/config,6297,978,6297,4,241,0,14.341,13237,0,5.485,2.055,76.245,66.185,7.66
koush/ion,6260,1026,6260,0,337,0,12.882,9443,0,4.5363,1.4602,23.5986,32.6747,3.2941
loks666/get_jobs,6238,796,6238,3,10,0,2.086,9694,0,5.2167,1.0,33.3167,80.7833,4.0833
graphql-java/graphql-java,6236,1150,6236,101,52,0,10.76,73132,0,8.3439,1.3666,36.3733,53.734,6.5724
auth0/java-jwt,6215,948,6215,46,13,0,12.09,8924,0,5.6628,1.6279,142.7442,103.7674,13.0698
ityouknow/spring-cloud-examples,6213,3063,6213,0,5,0,8.947,390,0,3.8333,1.0167,0.4667,6.5,1.2333
apache/iotdb,6303,1129,6303,51,665,0,7.37,814370,0,8.3489,1.6124,111.4795,88.3936,8.1865
google/grafika,6157,1477,6157,1,64,0,12.301,10035,0,6.4078,1.7476,6.8932,97.4272,5.6796
Vedenin/useful-java-links,6157,1202,6157,0,18,0,10.152,5967,0,2.3042,1.0228,1.8327,22.6882,2.2433
apache/incubator-kie-drools,6238,2578,6238,6,115,0,15.138,769120,0,6.5678,1.62,65.0757,64.464,6.7801
alipay/SoloPi,6152,1246,6152,8,136,0,7.072,56327,0,4.6231,1.206,13.1359,48.1427,3.4744
vavr-io/vavr,6131,659,6131,22,88,0,12.189,71254,0,8.6901,1.2344,1009.1854,94.3762,15.7748
LandGrey/SpringBootVulExploit,6127,1320,6127,0,5,0,5.886,258,0,3.4286,1.0,3.5714,18.4286,3.0
obsidiandynamics/kafdrop,6125,893,6125,50,45,0,6.869,4200,0,5.54,1.32,28.19,42.0,5.12
apache/hudi,6137,2476,6137,33,4024,0,9.317,337269,0,9.2819,1.5705,66.1961,68.5924,6.7478
google/google-java-format,6107,921,6107,43,165,0,10.91,12120,0,6.2987,1.461,87.974,78.7013,7.7922
ikew0ng/SwipeBackLayout,6103,1395,6103,0,120,0,12.621,1635,0,5.0,1.3889,61.3333,90.8333,8.9444
rengwuxian/MaterialEditText,6096,1038,6096,19,195,0,11.441,3385,0,5.6538,1.3077,742.8462,130.1923,15.6154
daimajia/NumberProgressBar,6092,1392,6092,3,29,0,11.94,380,0,3.1667,1.3333,91.8333,63.3333,7.8333
javaparser/javaparser,6072,1224,6072,57,462,0,14.442,145279,0,8.5493,1.9369,283.8577,68.9179,8.3904
ZhongFuCheng3y/austin,6048,1457,6048,0,3,0,4.422,6538,0,6.2672,1.1236,1.4511,18.7874,1.5
google/j2objc,6047,999,6047,1,103,0,12.186,243009,0,5.564,1.3,0.6227,486.018,15.158
apache/pinot,6055,1459,6055,21,1732,0,11.888,623367,0,7.4138,1.5233,57.4809,83.0824,7.3035
singwhatiwanna/dynamic-load-apk,6022,1980,6022,0,95,0,12.027,2620,0,5.8226,1.4355,9.4194,42.2581,5.7419
jeequan/jeepay,6018,1944,6018,0,41,0,8.657,17168,0,8.7764,1.7836,4.2909,31.2145,2.4091
apache/nifi,6043,2935,6043,0,32,0,11.324,679500,0,7.4094,1.4842,60.106,64.9618,6.7448
pedrovgs/EffectiveAndroidUI,6009,1188,6009,0,5,0,11.765,1923,0,4.4384,1.3425,11.6164,26.3425,4.7534
00-Evan/shattered-pixel-dungeon,6007,1422,6007,52,3,0,11.688,164296,0,6.3374,2.8458,13.8421,59.4844,4.1061
robolectric/robolectric,6004,1380,6004,111,476,0,15.614,229193,0,5.938,1.3536,72.0081,56.2023,7.4049
apache/hive,6015,4785,6015,0,67,0,16.884,2025441,0,6.8993,1.4055,92.7145,98.2604,6.8569
apache/camel,6174,5090,6174,0,46,0,16.884,2058687,0,4.8536,1.6259,80.5969,46.0907,4.8789
opengoofy/hippo4j,5993,1240,5993,18,141,0,4.813,31320,0,4.5846,1.1982,5.932,25.9701,2.8715
WeiYe-Jing/datax-web,5990,2249,5990,5,317,0,6.387,13801,0,5.041,1.388,13.2397,43.5363,4.1388
google/physical-web,5974,651,5974,17,93,0,11.521,7481,0,4.7885,1.2885,26.7115,47.9551,4.9231
rey5137/material,5965,1300,5965,10,214,0,11.332,27346,0,6.5115,1.6459,54.4951,89.659,8.5803
btraceio/btrace,5988,959,5988,33,12,0,11.611,53275,0,4.7352,1.3286,79.9505,58.544,5.5516
youtube/api-samples,5962,3053,5962,0,409,0,12.329,2541,0,6.4048,1.0,4.381,60.5,2.881
wyouflf/xUtils3,5959,1964,5959,9,38,0,10.448,12561,0,5.2248,1.4083,27.4495,57.6193,6.2385
JSQLParser/JSqlParser,5942,1419,5942,37,76,0,14.793,51273,0,6.2016,1.5604,507.6276,58.3975,10.7016
springfox/springfox,5939,1519,5939,12,265,0,13.925,32115,0,5.7025,1.1206,23.2526,28.2702,5.1004
liyifeng1994/ssm,5935,2714,5935,0,44,0,9.804,369,0,3.4737,1.6842,2.0526,19.4211,4.1053
journeyapps/zxing-android-embedded,5935,1292,5935,9,124,0,13.361,5169,0,5.4375,1.3646,21.9167,53.8438,6.2188
prolificinteractive/material-calendarview,5929,1301,5929,22,252,0,11.159,3658,0,6.4545,1.5341,69.0114,41.5682,5.6136
antoniolg/androidmvp,5909,1556,5909,0,4,0,12.019,274,0,3.2857,1.2857,3.0,19.5714,4.0714
apache/fesod,5922,491,5922,7,128,0,1.509,22277,0,6.0862,1.3691,30.2911,36.2228,4.2439
weibocom/motan,5903,1754,5903,28,366,0,9.969,46893,0,5.9419,1.4348,32.718,55.5604,5.6493
PBH-BTN/PeerBanHelper,5898,139,5898,191,13,0,2.168,30553,0,6.4737,1.313,16.0014,42.3172,4.3449
ikarus23/MifareClassicTool,5891,991,5891,10,33,0,13.153,6934,0,11.1212,2.2727,110.0,210.1212,10.7273
amitshekhariitbhu/Fast-Android-Networking,5892,972,5892,10,232,0,10.048,19596,0,3.2191,1.2504,13.7687,34.08,3.2174
lets-blade/blade,5882,1162,5882,9,14,0,10.831,15319,0,4.6221,1.2345,42.1564,49.899,5.8599
JakeWharton/DiskLruCache,5856,1169,5856,0,23,0,14.259,1937,0,3.25,1.3333,11.0,161.4167,11.9167
ffay/lanproxy,5856,1553,5856,1,143,0,9.383,2668,0,4.2381,1.1905,8.2063,42.3492,3.8254
meefik/linuxdeploy,5798,727,5798,37,737,0,13.632,2693,0,7.1622,1.6486,35.8919,72.7838,6.8108
yarolegovich/DiscreteScrollView,5783,785,5783,2,44,0,9.098,3698,0,4.2286,1.2476,19.1143,35.219,4.8571
Nightonke/BoomMenu,5790,1138,5790,0,121,0,10.056,7710,0,5.6348,1.5739,227.6696,67.0435,6.6348
houbb/sensitive-word,5772,783,5772,2,9,0,6.253,4321,0,3.0526,1.1711,20.8684,18.9518,3.114
changmingxie/tcc-transaction,5775,2765,5775,8,33,0,10.344,23664,0,5.2466,1.3083,29.736,45.5954,5.7457
Nepxion/Discovery,5768,1419,5768,132,14,0,7.8,26230,0,4.779,1.2693,18.8007,31.6787,4.372
strimzi/strimzi-kafka-operator,5766,1472,5766,170,137,0,9.925,123586,0,10.9738,1.4875,45.3609,81.0932,8.3596
dmytrodanylyk/circular-progress-button,5753,1169,5753,3,23,0,11.838,1429,0,3.9744,1.2821,25.3333,36.641,3.7692
JanusGraph/janusgraph,5761,1207,5761,28,582,0,9.284,104586,0,7.0179,1.4425,43.9536,55.1614,6.0796
dromara/lamp-cloud,5737,1752,5737,0,5,0,8.225,18906,0,7.7699,1.2705,6.8911,23.1408,2.4125
jagrosh/MusicBot,5732,2783,5732,38,220,0,9.648,4097,0,6.7419,2.5054,10.5914,44.0538,4.1398
k0shk0sh/FastHub,5735,931,5735,63,343,0,9.133,40321,0,8.0739,1.4379,34.757,43.1702,6.0182
chinabugotech/hutool,30321,7637,30321,157,2,0,11.989,269059,116512,2.13,1.9667,0.3633,128.5067,4.84
ZHENFENG13/spring-boot-projects,5727,1629,5727,0,2,0,9.021,2606,0,4.3271,1.0748,9.0748,24.3551,4.6075
ddd-by-examples/library,5725,815,5725,0,23,0,7.242,1770,0,6.7886,1.0407,5.4309,14.3902,2.6098
yanzhenjie/SwipeRecyclerView,5720,1095,5720,0,117,0,9.681,11090,0,4.8473,1.3891,26.9418,40.3273,4.4509
jpush/aurora-imui,5708,993,5708,42,135,0,9.32,17788,0,4.8041,1.5292,50.269,52.0117,5.3977
Devlight/InfiniteCycleViewPager,5703,823,5703,2,57,0,9.629,3564,0,5.0488,1.6341,102.5366,86.9268,8.439
redis/lettuce,5731,1074,5731,152,240,0,11.915,138654,0,6.5039,1.3725,146.6023,56.3863,8.514
201206030/novel,5692,1456,5692,12,25,0,6.409,4560,0,4.4158,1.0693,20.4257,22.5743,4.1386
springside/springside4,5667,2860,5667,3,72,0,14.125,12842,0,3.1651,1.2762,24.7841,40.7683,4.946
crazycodeboy/react-native-splash-screen,5659,1105,5659,12,412,0,9.566,246,0,3.4167,1.25,2.0,20.5,2.1667
ElderDrivers/EdXposed,5661,646,5661,27,55,0,7.222,71794,0,6.0652,1.6033,191.0783,78.037,7.9576
wasabeef/Blurry,5658,607,5658,0,86,0,10.713,636,0,5.1429,1.0,0.6429,45.4286,2.4286
JakeWharton/u2020,5657,915,5657,0,14,0,12.4,4806,0,6.2164,1.4254,23.6194,35.8657,4.0597
hanks-zyh/HTextView,5652,816,5652,0,44,0,10.305,3076,0,4.1978,1.5604,3.4835,33.8022,3.2857
SuperMonster003/AutoJs6,5631,1614,5631,21,305,0,4.353,118612,0,5.1511,1.4588,42.4038,65.1714,6.6214
daimajia/AndroidImageSlider,5613,1634,5613,5,310,0,11.852,3813,0,4.0635,1.5714,59.0952,60.5238,4.9841
TommyLemon/Android-ZBLibrary,5605,1378,5605,25,12,0,10.637,14727,0,5.3774,1.5597,26.6667,46.3113,5.3679
microsoft/typespec,5661,352,5661,472,1119,0,4.772,193404,0,8.9178,1.1522,24.3879,40.7681,6.5466
hongyangAndroid/FlowLayout,5586,1166,5586,0,115,0,10.615,810,0,4.3235,1.4118,5.0,23.8235,2.5
baidu/uid-generator,5580,1563,5580,0,42,0,9.035,873,0,2.88,1.28,11.72,34.92,5.24
osmandapp/OsmAnd,5631,1140,5631,1,3322,0,15.228,698538,0,8.9837,1.7329,108.8619,113.9168,9.2829
hneemann/Digital,5588,567,5588,35,188,0,9.777,75942,0,5.0479,1.6835,13.2537,41.7953,4.4298
mik3y/usb-serial-for-android,5570,1677,5570,34,30,0,12.772,8450,0,6.0,1.375,39.5417,117.3611,6.5972
alibaba/jetcache,5572,1085,5572,67,433,0,8.991,18021,0,6.0336,1.6368,15.9081,40.4058,4.3587
amlcurran/ShowcaseView,5562,1270,5562,13,95,0,13.648,2086,0,5.3846,1.4,17.8154,32.0923,4.2154
alibaba/QLExpress,5562,1207,5562,25,78,0,9.068,13807,0,5.7831,1.4,44.0028,38.893,5.4169
nhaarman/ListViewAnimations,5536,1628,5536,14,87,0,13.057,5697,0,6.4745,2.0584,10.4599,41.5839,5.2117
CaffeineMC/sodium,5537,911,5537,40,173,0,6.185,30799,0,6.2889,1.514,17.2916,41.0107,5.0479
knightliao/disconf,5530,2265,5530,12,204,0,11.86,14009,0,4.4376,1.3576,12.6165,32.9624,4.2306
cinit/QAuxiliary,5524,404,5524,49,269,0,4.192,42931,0,7.4723,1.322,40.5098,76.7996,6.0519
danikula/AndroidVideoCache,5514,1176,5514,20,156,0,11.023,3217,0,4.8312,1.4935,14.3247,41.7792,5.1818
wuhaoyu1990/MagicCamera,5513,1621,5513,0,100,0,10.251,14543,0,3.5455,1.4688,7.6307,41.3153,3.8892
jindrapetrik/jpexs-decompiler,5523,755,5523,181,0,0,11.912,369414,0,5.8413,1.8742,60.9446,87.5181,6.2568
GeyserMC/Geyser,5511,818,5511,0,258,0,6.752,65110,0,7.9978,1.7392,34.0381,47.6996,4.9231
emilsjolander/StickyListHeaders,5479,1494,5479,16,161,0,14.075,2112,0,4.814,1.3953,3.9767,49.1163,6.5814
Jasonchenlijian/FastBle,5478,1246,5478,9,246,0,9.626,4713,0,4.381,1.2952,26.0667,44.8857,4.0667
apache/hbase,5578,3398,5578,50,362,0,11.88,951866,0,7.8388,1.4939,70.1723,81.7544,6.5738
TGX-Android/Telegram-X,5480,971,5480,6,186,0,4.641,421379,0,9.5003,1.4272,549.1221,146.1092,11.3811
scribejava/scribejava,5470,1648,5470,9,76,0,15.589,12671,0,4.2085,1.4008,10.9352,25.6498,3.3117
KeepSafe/TapTargetView,5463,593,5463,24,56,0,9.574,1965,0,4.5128,1.1538,49.8974,50.3846,5.2308
liquibase/liquibase,5475,1939,5475,107,281,0,14.752,99130,0,6.8541,1.7832,66.1269,57.1684,6.4637
motianhuo/wechat,5466,2409,5466,0,45,0,10.875,34426,0,5.063,1.2346,15.4535,54.2142,3.9512
dm77/barcodescanner,5445,1428,5445,6,0,0,12.118,2796,0,5.274,1.6438,11.8219,38.3014,4.0548
alibaba/freeline,5458,621,5458,22,185,0,9.678,5357,0,3.7407,1.6074,13.8667,39.6815,3.5333
sockeqwe/mosby,5459,840,5459,15,28,0,11.042,17138,0,5.3807,1.6118,9.6375,25.8882,3.8142
rubenlagus/TelegramBots,5438,1348,5438,113,200,0,10.234,22367,0,10.4092,2.1766,11.3097,27.8197,2.9055
tonikelope/megabasterd,5420,633,5420,208,278,0,9.522,20673,0,2.7612,1.4876,85.7214,102.8507,5.9552
socketio/socket.io-client-java,5415,976,5415,7,128,0,12.945,5639,0,1.9214,1.0961,4.2533,24.6245,2.0568
apache/groovy,5438,1914,5438,0,18,0,10.982,203424,0,5.2534,2.1323,424.8769,71.7798,8.2389
facebookarchive/rebound,5403,801,5403,10,31,0,12.493,4095,0,4.2874,1.3218,34.931,47.069,4.8046
coobird/thumbnailator,5400,803,5400,0,52,0,10.708,19595,0,4.0893,1.2366,93.2232,87.4777,6.5893
diffplug/spotless,5399,516,5399,52,261,0,10.949,38615,0,4.9883,1.7353,13.9189,41.2113,4.5304
apache/dubbo-spring-boot-project,5393,1859,5393,13,46,0,8.222,1908,0,7.1124,1.1685,11.9326,21.4382,2.9775
killbill/killbill,5407,908,5407,151,236,0,13.462,151373,0,8.663,1.7945,28.2328,61.8354,6.1373
spring-projects/spring-data-examples,5425,3413,5425,0,23,0,12.189,51538,0,2.6335,1.0062,0.47,7.7443,1.7285
gsantner/markor,5387,466,5387,81,170,0,8.619,30006,0,6.9435,1.4881,132.631,89.3036,7.619
facebookarchive/shimmer-android,5367,704,5367,5,28,0,11.11,885,0,8.5714,1.8571,18.0,126.4286,11.1429
Evernote/android-job,5360,554,5360,31,4,0,10.634,10693,0,6.9947,1.7672,32.0053,56.5767,5.6931
LFDT-web3j/web3j,5385,1768,5385,121,144,0,9.593,43232,0,4.2719,1.7352,35.4791,34.1755,4.7953
remkop/picocli,5349,456,5349,86,172,0,9.18,96025,0,2.9408,1.1116,58.9537,32.6838,2.2709
pmd/pmd,5371,1559,5371,114,646,0,13.741,148395,0,5.7538,2.0411,43.6405,36.0707,4.8833
h6ah4i/android-advancedrecyclerview,5339,854,5339,1,195,0,11.206,20692,0,6.6051,2.4076,32.0228,52.3848,6.1544
runelite/runelite,5342,5683,5342,0,2339,0,9.938,519742,0,3.3989,1.2088,24.5466,126.4887,2.622
jgilfelt/SystemBarTint,5332,1420,5332,3,38,0,12.392,807,0,8.0,1.7778,22.5556,89.6667,7.2222
allure-framework/allure2,5332,762,5332,84,112,0,9.867,10734,0,5.9585,1.3045,13.7716,37.1419,4.263
google/google-authenticator,5329,992,5329,0,165,0,11.499,3935,0,3.8852,1.6885,29.6557,64.5082,6.0328
commonsguy/cw-omnibus,5333,3723,5333,36,0,0,14.075,71119,0,5.3287,1.7829,20.0761,36.5838,4.2001
dunwu/db-tutorial,5325,647,5325,0,11,0,8.668,11203,0,5.2057,1.1818,32.6077,53.6029,4.9139
mybatis/generator,5318,2489,5318,12,5,0,13.158,73169,0,7.9556,2.4535,85.6338,101.4827,7.1012
XRecyclerView/XRecyclerView,5317,1248,5317,0,243,0,10.39,5151,0,3.9096,1.4217,9.0422,31.0301,2.5843
zfdang/Android-Touch-Helper,5296,502,5296,113,65,0,5.478,2257,0,4.1273,1.1818,1.9455,41.0364,2.1273
Doikki/DKVideoPlayer,5309,1068,5309,32,113,0,8.994,18446,0,5.3263,1.5915,46.7533,48.9284,5.8992
Fuzion24/JustTrustMe,5293,823,5293,1,22,0,11.707,598,0,2.2963,1.1852,2.7037,22.1481,1.8519
evant/gradle-retrolambda,5281,442,5281,37,76,0,12.676,623,0,4.6,1.04,2.16,24.92,3.08
citerus/dddsample-core,5268,1512,5268,0,32,0,11.184,4639,0,7.0892,1.1274,7.0318,29.5478,4.3949
yixia/VitamioBundle,5267,2043,5267,0,292,0,13.47,6501,0,4.9505,1.3168,75.0693,64.3663,5.3465
Docile-Alligator/Infinity-For-Reddit,5285,485,5285,197,159,0,7.704,96415,0,6.9863,1.5456,31.3475,60.2594,4.1525
xxv/android-lifecycle,5264,665,5264,0,28,0,11.975,481,0,7.0,1.6667,151.6667,80.1667,14.8333
CodingDocs/springboot-guide,5260,1400,5260,0,16,0,7.362,1522,0,4.1151,1.1799,1.3525,10.9496,1.8921
lingochamp/okdownload,5258,802,5258,8,270,0,8.309,18986,0,6.4431,1.2653,35.2595,55.3528,7.2886
razerdp/BasePopup,5255,764,5255,15,33,0,10.231,28316,0,5.8908,1.6954,34.331,49.8521,5.4613
novicezk/midjourney-proxy,5247,2426,5247,0,170,0,2.96,2787,0,5.9,1.2444,5.8111,30.9667,3.1222
j-easy/easy-rules,5238,1100,5238,10,88,0,13.081,4857,0,5.0926,1.3148,7.6296,29.9815,4.5741
thinkaurelius/titan,5238,998,5238,0,181,0,14.116,71163,0,5.8645,1.3695,20.5056,44.6443,5.0169
CellularPrivacy/Android-IMSI-Catcher-Detector,5236,1024,5236,48,180,0,12.375,12171,0,5.0598,1.3307,4.9641,48.49,3.0279
Yalantis/Side-Menu.Android,5232,1492,5232,2,20,0,11.236,449,0,3.8889,1.2222,4.1111,24.9444,3.1667
LWJGL/lwjgl3,5317,698,5317,23,86,0,13.292,1153903,0,6.8334,2.3595,1011.4322,108.3274,21.9946
huangyanbin/smartTable,5228,869,5228,44,207,0,8.416,14165,0,5.0907,1.1896,25.9286,38.9148,3.9973
lucasr/twoway-view,5215,1007,5215,0,166,0,13.218,3688,0,6.0784,1.8235,86.5882,72.3137,7.4314
reactor/reactor-core,5216,1244,5216,224,76,0,10.412,202714,0,7.1982,1.6824,121.6053,90.2958,8.1189
Karumi/Dexter,5209,673,5209,33,34,0,10.393,2197,0,4.425,1.2,4.15,27.4625,3.8875
bitcoinj/bitcoinj,5215,2562,5215,14,568,0,12.386,46440,0,7.1264,1.7248,87.9696,74.304,7.6048
hustcc/JS-Sorting-Algorithm,5195,1134,5195,0,24,0,9.218,389,0,3.5833,1.0,2.8333,32.4167,3.5
brianfrankcooper/YCSB,5203,2322,5203,55,382,0,15.97,22410,0,7.0551,1.6356,7.8517,94.9576,6.0042
oshi/oshi,5196,917,5196,172,10,0,14.16,48337,0,5.3567,1.6505,30.2213,58.4486,5.5284
Clans/FloatingActionButton,5185,1117,5185,14,231,0,11.053,2805,0,4.6383,1.383,139.6809,59.6809,5.8511
zhanglei-workspace/shopping-management-system,5192,2236,5192,0,28,0,10.396,5353,0,3.5155,1.3608,76.3299,55.1856,6.6495
Exrick/xpay,5180,1114,5180,0,35,0,8.323,1449,0,6.4286,1.0,93.4286,69.0,9.0
killme2008/aviatorscript,5184,898,5184,52,77,0,15.031,37528,0,4.6279,1.4981,63.1527,71.6183,7.1374
android/views-widgets-samples,5177,2983,5177,0,184,0,6.587,7344,0,4.0197,1.7303,7.0132,48.3158,4.125
square/otto,5133,832,5133,0,18,0,13.78,1987,0,2.4353,1.3882,3.5529,23.3765,2.4235
baomidou/dynamic-datasource,5163,1244,5163,19,7,0,7.948,5219,0,5.4101,1.1404,2.3258,29.3202,2.5955
careercup/ctci,5145,2281,5145,0,66,0,13.049,11244,0,1.9582,1.119,5.0965,36.1543,3.6624
tianshiyeben/wgcloud,5117,895,5117,31,44,0,7.231,6105,0,6.0424,1.1949,34.5424,51.7373,8.1949
deathmarine/Luyten,5116,1014,5116,17,192,0,12.745,6750,0,2.3488,1.5426,15.4496,52.3256,3.3488
natario1/CameraView,5125,980,5125,42,139,0,8.726,21155,0,5.5974,1.3745,34.7622,39.6161,4.4251
youlookwhat/DesignPattern,5105,1470,5105,0,4,0,9.465,2603,0,2.5381,1.2792,1.4264,13.2132,2.0457
spring-projects/spring-authorization-server,5085,1360,5085,85,27,0,6.059,37128,0,10.2745,1.3947,16.8131,55.0861,5.8427
sofastack/sofa-boot,5077,1265,5077,83,27,0,8.019,32830,0,5.1533,1.1981,17.8188,27.7985,3.6799
apache/calcite,5105,2475,5105,0,332,0,11.789,378237,0,7.695,1.7006,404.026,65.6547,6.8606
xuexiangjys/XUI,5075,858,5075,23,8,0,7.253,90921,0,5.7325,1.6594,52.7409,54.904,6.3527
line/armeria,5097,989,5097,270,708,0,10.396,314722,0,6.4422,1.3111,32.6858,46.0322,5.159
ageerle/ruoyi-ai,5066,1250,5066,6,6,0,2.229,27206,0,6.9791,1.2791,9.6132,29.8967,3.4692
OpenTSDB/opentsdb,5065,1238,5065,27,537,0,15.617,104636,0,7.1399,1.2839,64.8758,109.2234,8.7484
javastacks/spring-boot-best-practice,5045,1354,5045,1,0,0,7.414,2396,0,5.0,1.0923,3.2615,12.2872,1.7385
Sayi/poi-tl,5065,1131,5065,14,62,0,11.055,22801,0,6.3981,1.2057,89.6552,43.4305,5.5524
bisq-network/bisq,5075,1288,5075,143,172,0,12.077,178870,0,7.4886,1.7499,30.1655,48.148,4.9567
wequick/Small,5037,1102,5037,25,262,0,10.366,7726,0,3.8,1.4757,20.1676,41.7622,2.8649
2227324689/gpmall,5042,1884,5042,0,49,0,6.727,8865,0,4.9788,1.3608,8.1698,20.908,2.5825
Trinea/android-common,5023,2609,5023,1,18,0,13.804,6716,0,4.4455,1.2455,43.0636,61.0545,6.9727
yipianfengye/android-zxingLibrary,5016,1040,5016,0,203,0,9.703,2018,0,4.7115,1.3269,5.6346,38.8077,3.25
youlookwhat/CloudReader,5007,1347,5007,26,5,0,9.383,19393,0,4.748,1.4553,19.4126,39.4167,4.0711
HeliBorg/HeliBoard,4997,267,4997,63,711,0,4.085,22663,0,6.6695,1.4644,74.8494,94.8243,9.2301
rubensousa/GravitySnapHelper,4997,618,4997,15,0,0,9.604,600,0,6.8571,1.5714,66.0,85.7143,8.5714
apache/maven,5010,2856,5010,30,758,0,16.884,167603,0,5.3137,1.5342,46.0021,44.6346,4.8208
JodaOrg/joda-time,4988,1018,4988,51,37,0,14.897,91632,0,8.5799,2.2837,295.3788,164.5099,17.9731
DingMouRen/LayoutManagerGroup,4986,675,4986,0,41,0,7.948,2285,0,4.9524,1.5714,9.1429,36.2698,3.6032
spring-attic/spring-mvc-showcase,4985,3652,4985,0,14,0,14.85,1281,0,5.1724,1.2069,9.4483,22.0862,5.0862
orhanobut/dialogplus,4973,784,4973,9,54,0,11.324,1047,0,5.2414,1.0345,57.8621,36.1034,5.6207
roncoo/roncoo-pay,4968,2586,4968,0,31,0,9.717,19910,0,5.2056,1.2817,62.9365,50.533,7.1802
alibaba/UltraViewPager,4964,679,4964,10,57,0,9.029,1518,0,5.2083,1.375,58.375,63.25,8.8333
rstudio/rstudio,4982,1165,4982,0,1376,0,15.335,236354,0,4.9001,1.277,338.493,32.9689,5.2429
spring-cloud/spring-cloud-netflix,4961,2452,4961,30,94,0,11.745,8028,0,7.364,1.1925,94.4017,33.59,5.318
frogermcs/InstaMaterial,4953,1419,4953,1,31,0,11.409,2223,0,4.7875,1.5375,9.9375,27.7875,3.4625
react-native-config/react-native-config,4952,656,4952,33,377,0,10.125,443,0,4.6,1.5,1.95,22.15,2.25
orientechnologies/orientdb,4950,874,4950,232,344,0,13.328,44359,0,6.7553,1.858,152.1208,134.0151,9.7009
react-native-webrtc/react-native-webrtc,4949,1321,4949,82,39,0,10.533,4140,0,6.1194,1.1493,8.6567,61.791,4.5075
Devlight/NavigationTabBar,4934,915,4934,13,68,0,10.029,2538,0,4.0172,1.3103,57.5,43.7586,3.8793
amitshekhariitbhu/RxJava2-Android-Samples,4925,1052,4925,0,17,0,9.615,3992,0,3.6649,1.2541,6.2865,21.5784,2.6811
DiUS/java-faker,4918,863,4918,0,226,0,14.842,6710,0,4.1156,1.4489,40.7467,29.8222,6.1644
angryip/ipscan,4914,805,4914,32,185,0,14.779,12374,0,5.0632,1.6896,4.3544,33.9945,3.5604
traex/RippleEffect,4902,1067,4902,0,54,0,11.485,504,0,3.4211,1.3684,23.1579,26.5263,3.4737
fuzhengwei/small-spring,4902,1427,4902,0,35,0,4.901,10379,0,3.472,1.2507,12.704,27.6773,3.7573
Threekiii/Awesome-POC,4900,1009,4900,2,2,0,4.131,42,0,7.0,2.0,0.0,42.0,4.0
cglib/cglib,4896,885,4896,15,96,0,12.03,17670,0,3.2169,1.5321,261.7972,35.4819,4.9116
zhkl0228/unidbg,4894,1131,4894,16,417,0,7.116,94224,0,5.2964,1.6126,28.7678,54.9732,4.5566
Ramotion/folding-cell-android,4891,836,4891,0,8,0,10.021,812,0,4.1429,1.3333,13.381,38.6667,4.0952
reactive-streams/reactive-streams-jvm,4871,531,4871,0,35,0,12.11,15738,0,3.122,1.2767,20.3355,34.2876,3.3377
mock-server/mockserver,4863,1099,4863,0,320,0,13.114,65134,0,7.2732,1.6871,95.8224,58.7322,7.5591
spring-cloud/spring-cloud-gateway,4852,3444,4852,46,508,0,9.391,42780,0,7.0257,1.3658,16.5675,34.3891,4.1969
micrometer-metrics/micrometer,4832,1084,4832,291,294,0,8.994,85567,0,5.7541,1.2895,19.9901,42.4229,5.3902
mcxiaoke/packer-ng-plugin,4811,856,4811,1,21,0,10.374,1776,0,2.8065,1.3871,18.6452,57.2903,5.129
deepjavalibrary/djl,4796,743,4796,38,226,0,6.442,96906,0,6.5234,1.4646,132.8831,58.0971,6.8903
andkulikov/Transitions-Everywhere,4794,481,4794,23,7,0,11.483,9485,0,6.8705,1.6788,25.7202,49.1451,4.285
oracle/opengrok,4790,807,4790,302,543,0,13.251,71477,0,5.2927,1.6272,78.4416,62.2622,6.297
claritylab/lucida,4788,870,4788,0,75,0,11.904,23221,0,5.9142,1.5448,23.5187,86.6455,5.9925
bazelbuild/bazel,25304,4442,25304,248,1855,0,11.825,218573,63456,2.29,1.9867,0.3807,148.5133,5.5467
tencentmusic/supersonic,4785,942,4785,15,327,0,2.825,31414,0,6.946,1.158,0.1429,62.828,3.732
tuguangquan/mybatis,4773,2362,4773,0,19,0,11.431,47198,0,5.614,1.216,0.2624,94.396,4.488
ronmamo/reflections,4773,705,4773,3,122,0,12.98,4782,0,2.7716,1.1523,13.6599,24.2741,2.8528
etsy/AndroidStaggeredGrid,4764,1110,4764,7,106,0,12.329,4010,0,5.8611,1.8611,155.8889,111.3889,8.4722
grobidOrg/grobid,4769,539,4769,23,331,0,13.569,64737,0,5.2158,1.2456,139.3754,113.5737,7.4684
dromara/dynamic-tp,4762,854,4762,19,25,0,4.252,18457,0,4.8428,1.2898,17.742,32.6095,3.8763
saiwu-bigkoo/Android-ConvenientBanner,4758,1046,4758,0,93,0,11.294,848,0,4.8276,1.4483,7.7931,29.2414,4.2759
zq2599/blog_demos,4761,1920,4761,0,153,0,8.999,53030,0,4.0075,1.1922,14.6826,28.2375,3.4537
nisrulz/android-tips-tricks,4749,570,4749,0,2,0,9.618,22,0,1.0,1.0,0.0,22.0,4.0
TheoKanning/openai-java,4756,1199,4756,22,130,0,5.563,2783,0,5.3879,1.0848,15.5515,16.8667,1.903
kyleduo/SwitchButton,4747,865,4747,0,22,0,11.581,1543,0,4.3704,1.4074,82.4815,57.1481,4.5185
hongyangAndroid/baseAdapter,4730,1195,4730,0,115,0,10.683,1563,0,4.88,1.32,18.28,31.26,4.56
zlt2000/microservices-platform,4745,1693,4745,30,16,0,7.091,7665,0,6.3561,1.2507,6.4359,21.8376,2.7721
saysky/ForestBlog,4723,1644,4723,0,45,0,8.501,2437,0,5.1047,1.0698,12.686,28.3372,5.1628
stleary/JSON-java,4719,2593,4719,25,26,0,15.296,13048,0,3.1442,1.1923,368.6538,125.4615,12.1827
google/cameraview,4711,1016,4711,0,176,0,9.678,2983,0,4.8333,1.2639,12.125,41.4306,4.4028
karma9874/AndroRAT,4699,1522,4699,0,19,0,6.048,1793,0,2.8545,1.1636,1.3818,32.6,1.8182
cjlin1/libsvm,4697,1638,4697,0,112,0,12.578,3152,0,3.2647,1.3529,19.6176,92.7059,3.8235
hansonwang99/Spring-Boot-In-Action,4691,1471,4691,0,25,0,7.195,2714,0,3.8657,1.1194,6.0075,20.2537,3.2836
apache/kafka,32320,15092,32320,0,333,0,14.648,1251941,238534,2.94,1.9967,0.3773,185.0233,6.9433
jgilfelt/chuck,4687,455,4687,5,54,0,9.164,1698,0,5.8333,1.381,55.7381,40.4286,5.4524
bytedeco/javacpp,4685,596,4685,14,111,0,11.967,36353,0,4.7282,1.5436,0.3834,186.4256,8.2615
981011512/--,4684,2253,4684,0,32,0,5.804,338075,0,3.5419,2.9108,440.4263,66.6946,7.4115
pardom-zz/ActiveAndroid,4683,1027,4683,0,328,0,13.394,3158,0,3.9032,1.9355,22.0806,50.9355,5.7581
bepass-org/oblivion,4683,631,4683,12,206,0,2.166,2641,0,5.6379,1.4828,11.6207,45.5345,3.8793
Heeexy/SpringBoot-Shiro-Vue,4674,1769,4674,0,7,0,8.389,633,0,5.7778,1.4074,9.4444,23.4444,3.9259
DrKLO/Telegram,28891,9430,28891,95,440,0,12.454,1508896,107213,6.21,1.9967,0.4147,387.9533,15.08
querydsl/querydsl,4963,877,4963,35,66,0,14.678,28705,9298,5.1986,1.9873,42.9007,30.5186,4.5275
discord-jda/JDA,4652,763,4652,123,74,0,10.324,72787,0,8.8365,1.8191,129.1218,50.6521,8.4739
ReChronoRain/HyperCeiler,4644,353,4644,10,168,0,2.448,59615,0,3.9408,1.4966,14.8639,33.9493,3.1452
wdullaer/MaterialDateTimePicker,4641,935,4641,54,110,0,11.261,7536,0,6.589,1.4658,127.6301,103.2329,10.137
rememberber/WePush,4641,1014,4641,58,34,0,8.794,22650,0,6.7572,1.5797,25.1775,82.0652,5.1014
JZ-Darkal/AndroidHttpCapture,4639,863,4639,1,42,0,9.478,15900,0,4.5868,1.4132,37.0032,50.1577,5.1987
nICEnnnnnnnLee/BilibiliDown,4658,418,4658,81,9,0,7.209,27677,6627,9.6813,1.4396,0.467,168.4121,5.3846
chewiebug/GCViewer,4635,993,4635,5,84,0,14.461,20453,0,5.2749,2.1649,49.0447,70.2852,6.5911
zongzibinbin/MallChat,4635,1022,4635,0,53,0,3.066,9260,0,6.2365,1.2027,4.4392,20.8559,2.6464
gabrielemariotti/cardslib,4631,1174,4631,27,183,0,12.548,32257,0,5.9014,2.1776,18.6202,39.7744,4.2133
romandanylyk/PageIndicatorView,4629,568,4629,14,57,0,9.632,3532,0,5.5139,1.5,22.8056,49.0556,5.6806
linhaojun857/aurora,4629,738,4629,0,20,0,3.639,4956,0,7.2876,1.1171,7.2575,16.5753,2.3746
yasserg/crawler4j,4626,1908,4626,3,188,0,14.27,4736,0,5.2771,1.3133,55.8916,57.0602,6.0482
apache/rocketmq-externals,4617,3036,4617,0,116,0,9.07,11795,0,5.7491,1.2509,16.4509,42.8909,4.7455
h2database/h2database,4617,1281,4617,24,426,0,10.995,231740,0,6.0245,2.0567,176.9946,138.3522,10.5272
Netflix/ribbon,4616,1234,4616,41,216,0,13.229,21788,0,4.3859,1.2662,13.3775,30.6873,3.3845
objectbox/objectbox-java,4606,306,4606,54,147,0,9.205,24758,0,5.1389,1.7652,105.6162,62.5202,8.3914
SplashCodes/JAViewer,4590,691,4590,10,44,0,9.884,6309,0,5.7877,1.5978,11.648,35.2458,3.2179
hussien89aa/AndroidTutorialForBeginners,4590,6037,4590,0,39,0,9.533,3957,0,4.5116,1.4961,2.7442,30.6744,2.6744
puniverse/quasar,4563,567,4563,18,101,0,13.035,52770,0,3.387,1.4974,35.997,39.1179,4.6901
chentao0707/SimplifyReader,4557,1591,4557,0,41,0,10.645,34709,0,4.1361,1.3797,60.2943,54.9193,5.6044
zhanghai/Douya,4553,1134,4553,11,17,0,10.185,44631,0,5.6037,1.6254,28.3979,35.877,5.1471
javagrowing/JGrowing,4548,929,4548,0,22,0,7.116,329,0,1.5263,1.0,1.9474,17.3158,2.2105
tiann/epic,4541,818,4541,5,18,0,8.882,5127,0,3.2282,1.6242,30.396,34.4094,4.2752
go-lang-plugin-org/go-lang-idea-plugin,4540,565,4540,21,417,0,15.611,45363,0,8.1201,2.0733,110.0292,40.0733,5.6484
danielzeller/Depth-LIB-Android-,4538,588,4538,0,11,0,9.949,3771,0,3.787,1.213,13.3519,34.9167,3.8611
square/sqlbrite,4536,412,4536,9,5,0,11.135,3329,0,4.6981,1.3585,4.3019,31.4057,3.5943
201206030/novel-plus,4534,1481,4534,36,76,0,5.936,15510,0,6.4807,1.2077,46.157,37.4638,7.6063
phishman3579/java-algorithms-implementation,4530,1849,4530,0,135,0,12.383,31758,0,3.5672,1.5831,7.0501,72.3417,4.6264
jdamcd/android-crop,4530,1071,4530,6,131,0,12.074,1676,0,4.2903,1.3871,26.4839,54.0645,5.5806
CalebFenton/simplify,4638,453,4638,9,32,0,12.227,16708,744,9.386,1.3158,0.3302,120.5921,6.557
IoT-Technology/IoT-Technical-Guide,4520,1114,4520,0,13,0,7.02,5235,0,4.085,1.2483,3.1633,17.8061,2.551
alibaba/dexposed,4516,1062,4516,0,19,0,10.776,2414,0,2.9167,1.6944,82.8333,67.0556,5.8333
jacoco/jacoco,4527,1199,4527,50,219,0,13.749,37498,0,4.238,1.4387,12.4168,38.9792,4.4532
castorflex/SmoothProgressBar,4514,1002,4514,9,14,0,12.361,2208,0,4.8542,1.2292,26.3125,46.0,4.8542
Flipboard/bottomsheet,4503,594,4503,10,55,0,10.96,2578,0,4.8971,1.3676,27.6618,37.9118,3.7647
azkaban/azkaban,4514,1569,4514,48,802,0,13.473,93837,0,6.4723,1.3523,35.8402,73.1387,7.2549
HotBitmapGG/bilibili-android-client,4485,1464,4485,1,9,0,9.854,38892,0,4.9213,1.8175,42.7907,69.5742,6.7209
water8394/flink-recommandSystem-demo,4474,1481,4474,0,18,0,6.902,1835,0,3.7273,1.0779,6.4026,23.8312,3.7143
JakeWharton/NineOldAndroids,4470,1523,4470,0,42,0,14.333,7585,0,4.2899,1.4348,30.1449,54.9638,5.2319
Meituan-Dianping/Robust,4465,808,4465,13,163,0,9.07,2953,0,3.5238,1.2619,17.3571,70.3095,5.4286
Freeyourgadget/Gadgetbridge,4494,661,4494,0,461,0,11.255,241203,0,5.4136,1.8392,38.9611,55.2331,5.0552
s4kibs4mi/java-developer-roadmap,4459,562,4459,0,0,0,6.962,5,0,0.0,1.0,0.0,5.0,1.0
flutter-webrtc/flutter-webrtc,4453,1354,4453,138,701,0,8.09,8455,0,6.6556,1.2222,40.0,93.9444,6.4222
janishar/android-mvp-architecture,4431,1239,4431,0,40,0,9.196,4049,0,5.8151,1.3836,14.1096,27.7329,4.9041
apache/shiro,4440,2302,4440,17,6,0,16.611,36885,0,5.034,1.7862,19.8435,35.8455,4.9203
square/android-times-square,4425,1180,4425,0,23,0,13.185,2286,0,4.5532,1.234,25.8723,48.6383,4.9149
dreamhead/moco,4430,1084,4430,1,144,0,13.473,17905,0,5.8116,1.5394,34.5702,30.6592,4.726
AsamK/signal-cli,4416,399,4416,111,94,0,10.913,29791,0,7.0515,1.542,62.9714,56.8531,6.4408
Tencent/GT,4413,1022,4413,3,71,0,10.237,55246,0,3.8752,1.3052,13.7774,53.0192,3.7917
Querz/mcaselector,4395,224,4395,75,226,0,7.962,37334,0,6.8807,2.5394,23.1064,68.5028,5.1248
Snailclimb/guide-rpc-framework,4400,2173,4400,0,23,0,5.914,2408,0,4.6907,1.2268,1.2268,24.8247,2.0309
robinhood/ticker,4381,463,4381,9,18,0,9.73,1581,0,4.6129,1.3226,27.6129,51.0,5.7419
ThirtyDegreesRay/OpenHub,4390,424,4390,31,246,0,8.745,24549,0,6.7561,1.6326,32.9284,37.4223,5.4421
iterate-ch/cyberduck,4371,342,4371,0,505,0,9.216,302709,0,6.2292,1.3479,65.5495,39.8721,5.4826
crate/crate,4380,591,4380,159,311,0,12.997,441453,0,7.5804,1.6511,50.4199,57.9639,6.1935
pytorch/serve,4361,886,4361,24,445,0,6.516,18747,0,5.8008,1.4661,63.9163,74.6892,8.1633
awangdev/leet-code,4355,27,4355,0,0,0,10.954,2163,0,2.0357,1.0,1.0595,25.75,2.75
Ashok-Varma/BottomNavigation,4355,681,4355,16,27,0,10.053,2091,0,7.5333,1.4333,69.2667,69.7,8.9333
eirslett/frontend-maven-plugin,4356,878,4356,0,305,0,12.608,3712,0,5.596,1.7273,7.0505,37.4949,4.2929
torakiki/pdfsam,4339,393,4339,71,126,0,12.539,19947,0,6.969,1.4009,4.9567,30.8777,4.1084
mywalkb/LSPosed_mod,4328,264,4328,10,55,0,4.033,24128,0,5.5749,1.6242,50.2013,53.9776,4.7651
jitsi/jitsi,4320,976,4320,7,221,0,12.956,196435,0,5.4386,1.9012,39.3705,61.0615,6.014
apache/flink,25932,13912,25932,0,322,0,11.838,2221614,505652,2.39,1.99,0.376,154.9033,5.71
JabRef/jabref,4311,3325,4311,48,522,0,12.079,58194,0,15.78,1.588,0.3499,116.388,6.136
jeasonlzy/ImagePicker,4309,1029,4309,5,173,0,10.196,3685,0,5.8289,1.4868,23.0789,48.4868,4.5132
failsafe-lib/failsafe,4308,309,4308,0,74,0,10.776,10026,0,6.3866,2.063,19.1765,42.1261,5.3025
google/open-location-code,4308,520,4308,5,52,0,11.521,2295,0,4.9552,1.1791,4.5522,34.2537,3.7015
apache/streampark,4305,1065,4305,17,297,0,6.869,23736,0,7.4706,1.2816,18.9554,42.3102,4.6809
bingoogolapple/BGARefreshLayout-Android,4301,997,4301,4,96,0,10.867,5450,0,5.1481,1.4074,9.7963,33.642,3.9074
brianway/java-learning,4290,1190,4290,0,4,0,10.163,10984,0,1.085,1.2869,0.5963,14.587,1.5312
apache/fory,4289,412,4289,65,160,0,2.949,104043,0,5.3332,2.13,46.4554,54.3305,4.9347
alibaba/fastjson2,4286,559,4286,61,644,0,3.978,423483,0,2.8386,1.1943,276.1534,43.0719,3.3727
spring-attic/spring-security-oauth,4699,3975,4699,0,545,0,14.702,64030,17254,9.108,1.32,0.329,107.392,4.4
M66B/FairEmail,4275,685,4275,1000,3,0,7.685,243744,0,4.7278,1.2706,33.4607,57.3515,3.4332
mcxiaoke/android-volley,4270,1543,4270,0,69,0,12.884,4965,0,5.0909,1.8939,15.8182,37.6136,4.3333
camunda/camunda-bpm-platform,4265,1706,4265,0,0,0,13.262,543894,0,6.2803,1.6484,86.6439,50.9216,6.9263
ongakuer/CircleIndicator,4265,702,4265,7,32,0,11.693,1712,0,6.5111,1.6222,8.5111,38.0444,4.0222
grantland/android-autofittextview,4260,688,4260,1,60,0,15.149,470,0,5.375,1.375,40.75,58.75,8.25
aporter/coursera-android,4256,5209,4256,0,66,0,12.257,18164,0,4.2336,1.4885,3.3586,29.875,2.6168
nining377/dolby_beta,4253,272,4253,37,205,0,5.889,7301,0,4.1351,1.4541,7.9622,39.4649,3.2649
microsoft/malmo,4253,607,4253,21,171,0,9.895,19130,0,7.0504,2.1439,12.8489,68.8129,5.1259
mybatis/spring-boot-starter,4247,1800,4247,34,20,0,10.538,4436,0,4.5371,1.2229,16.1771,25.3486,3.5886
zendesk/maxwell,4244,1036,4244,214,267,0,11.159,17755,0,6.109,1.6218,32.1378,56.9071,6.016
eugenp/tutorials,37356,53669,37356,0,27,0,12.942,842083,36131,1.1233,2.0,0.3153,55.39,1.9133
dromara/hmily,4239,1401,4239,0,55,0,8.528,60671,24778,5.3717,1.2201,10.6454,31.3615,4.0924
ant-media/Ant-Media-Server,4657,682,4657,68,1381,0,9.106,160498,44343,5.6893,1.33,163.9647,89.3442,8.8195
bjmashibing/InternetArchitect,4282,2856,4282,0,29,0,6.472,80288,13181,4.7395,1.1563,63.7699,64.5499,6.1447
JetBrains/fernflower,4228,727,4228,0,0,0,11.515,60766,3088,4.3794,1.2399,33.4045,77.4393,4.7964
jishenghua/jshERP,4207,1407,4207,6,95,0,9.55,59415,5349,5.9865,1.3288,1642.2237,194.7978,24.6146
jboss-javassist/javassist,4227,720,4227,24,254,0,12.876,106019,21624,3.3811,1.5532,43.9081,74.9784,5.1865
ChadCSong/ShineButton,4201,544,4201,2,29,0,9.76,1064,67,4.8333,1.625,23.625,41.1667,4.4167
LibrePDF/OpenPDF,4237,695,4237,87,156,0,9.744,265817,96848,5.9446,1.8484,91.4304,88.53,7.4536
yhaolpz/FloatWindow,4198,656,4198,9,101,0,8.4,1556,158,3.7727,1.2727,9.7273,33.4773,4.0909
syncthing/syncthing-android,4187,514,4187,332,159,0,12.123,10396,1386,6.5141,1.6901,9.0493,59.3239,4.4085
Jacksgong/JKeyboardPanelSwitch,4181,683,4181,14,62,0,10.771,2758,916,5.2,1.3,7.38,34.72,4.14
hugeterry/CoordinatorTabLayout,4179,582,4179,0,19,0,9.196,702,128,5.2941,1.4118,9.4118,27.8235,3.5294
codingapi/tx-lcn,4179,1447,4179,14,198,0,8.408,12728,2787,4.955,1.2117,6.3378,35.009,5.2658
oddfar/campus-imaotai,4177,1364,4177,11,61,0,2.757,16114,5506,6.3394,1.4128,20.3761,35.4495,4.9495
powermock/powermock,4183,580,4183,16,461,0,11.866,58440,20674,3.4397,1.2427,22.7132,25.9858,3.2679
googlesamples/mlkit,4175,3087,4175,1,198,0,5.862,16319,3061,7.731,1.5279,9.5279,54.0,4.5127
bingoogolapple/BGABanner-Android,4166,778,4166,0,54,0,11.452,2550,358,5.0,1.5849,26.283,40.0566,4.283
pedrovgs/AndroidWiFiADB,4156,477,4156,8,23,0,10.472,1539,317,2.8667,1.5,12.1333,36.5333,5.1
checkstyle/checkstyle,8916,4088,8916,183,1022,0,12.605,526531,145335,1.6667,1.97,0.3853,116.26,4.1733
SPLWare/esProc,4689,363,4689,0,50,0,4.413,520364,98994,6.5777,2.1674,97.6525,160.8037,8.2392
gh0stkey/HaE,4138,301,4138,88,0,0,6.042,7258,155,4.4362,1.7021,12.9043,62.5426,4.8191
JFormDesigner/FlatLaf,4144,323,4144,90,86,0,6.639,108994,27583,3.8579,3.5411,61.2807,86.8625,6.7937
lukas-krecan/ShedLock,4134,563,4134,0,24,0,9.325,21648,5164,6.0676,2.1212,7.697,30.1515,4.1562
lilishop/lilishop,4152,1010,4152,3,11,0,4.903,105428,33220,7.6223,1.3143,13.6517,27.7894,3.1172
bitcoin-wallet/bitcoin-wallet,4117,2278,4117,0,78,0,14.021,21834,3289,7.5323,1.7132,5.4134,47.491,3.6408
dbeaver/dbeaver,49480,4107,49480,245,3269,0,10.467,763702,145969,2.52,1.9933,0.3907,163.14,6.06
dinuscxj/LoadingDrawable,4106,638,4106,0,10,0,9.979,4614,178,6.5077,1.4462,15.8308,68.1231,5.6615
pqpo/SmartCropper,4127,756,4127,13,38,0,8.682,1211,113,6.25,1.3333,122.5,85.0833,7.6667
jMonkeyEngine/jmonkeyengine,4176,1165,4176,82,251,0,12.052,343077,134587,6.5799,1.4444,68.6935,78.0411,7.7916
code4craft/tiny-spring,4090,1804,4090,0,29,0,12.244,2812,871,3.0849,1.1509,2.3679,14.5566,2.6038
Manabu-GT/ExpandableTextView,4075,787,4075,4,45,0,11.893,567,74,5.1333,1.7333,11.8,36.8,3.6667
alibaba/Tangram-Android,4103,523,4103,38,72,0,9.029,35508,11522,5.2596,1.6777,23.2108,42.4007,4.108
rubensousa/ViewPagerCards,4069,605,4069,0,15,0,9.634,328,15,5.3333,1.5556,2.2222,26.6667,4.0
RipMeApp/ripme,4067,662,4067,145,531,0,9.251,26599,2535,5.0125,2.5406,28.2719,62.225,6.0781
oblac/jodd,4074,720,4074,37,2,0,13.582,55486,23818,3.9931,1.4409,12.9492,36.9258,4.5646
orhanobut/hawk,4065,396,4065,22,52,0,11.132,1079,230,3.6154,1.0385,12.9615,32.0769,5.1923
qunarcorp/bistoury,4089,840,4089,8,77,0,6.689,101281,24324,4.8376,1.2792,21.4159,54.1058,5.2175
DTStack/chunjun,4104,1693,4104,31,286,0,8.016,182619,36795,7.1388,1.5686,20.7049,54.5005,5.1997
flowable/flowable-engine,9171,2823,9171,29,392,0,9.487,878200,178411,1.6267,1.9733,0.3407,100.6233,3.6167
luckybilly/CC,4042,633,4042,0,29,0,8.375,5591,1248,4.9667,1.2583,16.3167,38.325,3.7
BoCloud/folib,4098,239,4098,1,3,0,0.75,230412,65897,6.8829,1.3442,41.8177,44.26,4.9644
tronprotocol/java-tron,4052,1639,4052,82,63,0,8.285,209882,16296,8.8175,1.777,83.22,90.9767,7.2809
xcltapestry/XCL-Charts,4022,1124,4022,0,10,0,11.833,41130,13014,7.7401,2.1774,49.0428,71.5505,7.6116
uber/NullAway,4031,332,4031,38,145,0,8.6,66420,11569,4.759,1.2017,58.3829,43.6103,5.5333
oldmanpushcart/greys-anatomy,4016,1202,4016,0,75,0,13.377,12683,2983,4.0667,1.1542,6.7708,44.8917,3.4167
BoltsFramework/Bolts-Android,4016,524,4016,11,27,0,12.189,5065,1080,3.0,1.0886,19.0127,32.557,2.538
jbloch/effective-java-3e-source-code,4014,1977,4014,0,20,0,7.68,3969,678,1.1287,1.1881,1.3267,14.9406,2.3366
awaitility/awaitility,4006,258,4006,0,89,0,16.211,10057,3977,3.1765,1.1941,18.5824,32.1941,4.5059
mouredev/hello-java,4001,356,4001,0,2,0,1.04,1293,525,0.6364,1.3273,0.4727,14.9636,1.3636
makovkastar/FloatingActionButton,3996,805,3996,0,79,0,11.715,965,16,5.6667,1.8148,37.5926,37.5556,4.7037
lcodecorex/TwinklingRefreshLayout,3990,666,3990,0,114,0,10.103,6433,774,4.2848,1.3709,36.2715,41.543,4.7086
JeremyLiao/LiveEventBus,3989,570,3989,0,127,0,7.745,9465,1131,3.2273,1.1104,4.0357,25.2662,2.5942
Yalantis/Phoenix,3987,907,3987,1,14,0,11.239,986,33,4.3333,1.6667,7.5417,40.6667,3.6667
Piasy/BigImageViewer,3987,408,3987,0,38,0,9.421,3630,993,4.6071,1.2857,12.8095,29.9167,3.6071
pingfangushi/screw,3972,730,3972,0,59,0,5.799,13886,8093,4.9853,1.3529,5.2426,28.9779,2.8309
mercyblitz/tech-weekly,3971,709,3971,0,15,0,7.348,2199,431,2.8889,1.0247,2.1235,17.1728,2.0
qstumn/BadgeView,3969,543,3969,5,54,0,9.164,1612,63,4.3429,1.3143,49.8857,50.2571,4.3714
Dimezis/BlurView,3969,372,3969,32,14,0,9.966,1311,220,5.9,1.5,7.0,31.3,4.6
rovo89/XposedInstaller,3970,1519,3970,0,157,0,14.015,8176,280,4.8867,1.4187,8.5172,44.2365,3.2069
zzhoujay/RichText,3967,563,3967,0,136,0,10.719,6016,973,4.2727,1.447,10.5455,39.2803,3.697
freeplane/freeplane,4044,476,4044,58,431,0,13.569,247028,37403,4.5887,1.5108,45.9058,47.5634,5.467
Creators-of-Create/Create,4060,1260,4060,5,1156,0,6.727,229238,4276,11.1031,1.749,29.4717,60.0881,6.3937
binIoter/GuideView,3951,655,3951,0,27,0,9.804,1540,353,3.7429,1.3714,8.2286,35.6,3.8
google/bundletool,3965,419,3965,65,92,0,7.932,202,47,9.6837,1.2653,83.322,62.2268,9.3866
linyiqun/DataMiningAlgorithm,3951,1684,3951,0,4,0,11.242,16693,4178,2.2937,1.0873,9.9603,92.5635,5.4444
shuzijun/leetcode-editor,3959,421,3959,59,140,0,7.058,14408,1094,6.3223,1.7375,20.1528,44.6777,4.2724
promeG/TinyPinyin,3942,495,3942,2,42,0,10.524,3149,260,2.0308,1.0923,8.7538,21.5231,2.4615
JoanZapata/android-iconify,3932,522,3932,0,68,0,12.824,6421,170,3.5116,1.2326,5.186,21.1395,3.5581
rengwuxian/RxJavaSamples,3919,853,3919,3,22,0,10.042,1129,26,4.5472,1.3962,1.6038,18.8868,1.9245
fishercoder1534/Leetcode,3983,1295,3983,0,22,0,9.689,109984,6725,1.5521,1.0004,0.2876,27.2847,1.4782
VaughnVernon/IDDD_Samples,3923,920,3923,0,36,0,12.999,43740,7659,4.7373,1.6636,27.3272,43.7404,7.1966
databricks/learning-spark,3901,2407,3901,0,31,0,11.814,2320,209,2.8271,1.015,1.797,17.2556,1.5188
knowm/XChange,4051,2009,4051,0,347,0,14.182,277310,24636,6.0034,1.4899,24.977,29.9934,4.2614
amirzaidi/Launcher3,3905,655,3905,22,139,0,8.86,75449,13413,7.2404,1.4747,63.6808,60.7374,5.3667
bluelinelabs/Conductor,3900,338,3900,36,111,0,10.062,6434,912,5.4767,1.3488,71.3372,62.6163,7.0349
JavaNoober/BackgroundLibrary,3893,472,3893,13,17,0,7.581,7446,298,4.7899,1.2101,34.1765,67.4706,4.084
emanuele-f/PCAPdroid,3899,442,3899,68,45,0,6.253,30514,3835,9.3597,1.5613,88.3913,95.3597,7.6877
geoserver/geoserver,4315,2289,4315,69,32,0,14.409,1031582,173424,7.5258,1.8223,42.6566,60.4865,5.8996
Exrick/xboot,3895,1301,3895,6,16,0,7.962,20994,5581,7.4155,1.212,2.6562,29.4126,3.2837
RikkaApps/Sui,3892,385,3892,21,118,0,5.262,6738,1760,4.9326,1.1798,14.5506,50.7191,5.1236
vipulasri/Timeline-View,3882,642,3882,15,0,0,10.316,579,141,9.0,1.5,453.5,209.0,25.5
wendux/DSBridge-Android,3879,648,3879,2,106,0,9.265,1403,118,2.9787,1.1064,15.9787,39.1702,2.6809
react-native-share/react-native-share,3879,977,3879,145,24,0,10.524,2325,202,5.5854,2.0732,8.6098,43.7073,4.8049
ZHENFENG13/My-Blog,3883,1011,3883,0,24,0,7.099,3505,470,4.7586,1.0517,29.5517,41.569,7.6207
sofastack/sofa-rpc,3921,1201,3921,66,41,0,8.0,126545,42981,5.2126,1.3244,24.4389,47.4187,4.6339
yanzhenjie/AndServer,3857,776,3857,1,145,0,9.818,21591,7912,5.0234,1.5421,48.0514,56.2103,7.0935
watabou/pixel-dungeon,3865,1264,3865,0,58,0,11.702,49460,8691,5.7235,2.5447,12.4231,46.0346,3.9976
shopizer-ecommerce/shopizer,3903,3275,3903,18,572,0,13.38,87925,11561,7.9367,1.6829,34.1452,43.3812,6.2352
uncle-novel/uncle-novel,3856,541,3856,1,27,0,7.326,26888,6689,7.29,1.658,10.4164,63.1636,4.4944
NotHarshhaa/DevOps-Projects,3852,3859,3852,0,20,0,2.667,8480,2606,5.7746,1.1901,22.7535,31.3521,5.1056
timehop/sticky-headers-recyclerview,3846,753,3846,0,83,0,11.515,1059,206,4.6207,1.2759,3.2414,27.8621,3.1379
aurelhubert/ahbottomnavigation,3826,677,3826,14,144,0,10.062,3024,663,5.1087,1.1739,57.4783,50.8478,5.413
yacy/yacy_search_server,3867,475,3867,0,207,0,11.05,233128,59184,5.3355,1.3666,46.8313,107.8138,7.0487
RoaringBitmap/RoaringBitmap,3850,586,3850,47,74,0,12.808,102326,12165,5.5688,1.1376,257.9675,123.0077,10.4807
MiguelCatalan/MaterialSearchView,3823,616,3823,6,169,0,10.565,1437,147,4.0488,1.3171,22.6585,33.1951,3.9024
happydog-intj/CircleProgress,3813,913,3813,0,82,0,11.441,1930,225,5.76,1.68,85.76,58.04,7.32
alibaba/jstorm,3886,1775,3886,22,226,0,12.597,258549,49914,5.0377,1.4555,42.3741,74.9029,5.8632
JCTools/JCTools,3816,586,3816,19,51,0,12.408,64480,13969,4.6717,4.3717,22.4818,46.398,4.6919
blossom-editor/blossom,3792,341,3792,19,5,0,2.672,28729,10515,5.7241,1.3448,6.977,30.7241,2.9034
rbmonster/learning-note,3790,668,3790,0,1,0,5.815,20918,5854,2.1945,1.1733,2.8936,20.3161,2.383
sunfusheng/MarqueeView,3790,667,3790,0,44,0,9.854,864,74,5.4091,1.3636,5.4545,36.5455,3.8636
mcxtzhang/SwipeDelMenuLayout,3790,645,3790,2,52,0,9.621,1189,268,3.1,1.25,5.2,27.125,2.125
zhpanvip/BannerViewPager,3779,465,3779,59,14,0,9.032,4883,1098,5.411,1.411,47.8219,43.2055,6.2877
tchiotludo/akhq,3786,766,3786,43,286,0,7.578,21136,1327,8.1927,1.2957,29.4252,57.0664,4.7442
yanzhenjie/NoHttp,3775,850,3775,0,76,0,10.697,15104,5906,4.4561,1.5,45.6491,36.9649,5.7193
sofastack/sofa-jraft,3800,1195,3800,32,68,0,7.099,138724,34146,6.2366,1.4628,75.871,95.2959,7.9607
lygttpod/SuperTextView,3767,587,3767,39,24,0,9.47,5333,1414,3.0465,1.1628,141.6744,46.5349,4.8953
NationalSecurityAgency/ghidra,66689,7343,66689,52,1875,0,7.107,2729736,717768,3.08,1.95,0.3827,195.0833,7.3133
FCL-Team/FoldCraftLauncher,3802,270,3802,151,369,0,3.472,130721,22175,5.3279,1.6652,50.2431,57.9467,6.1714
CameraKit/blurkit-android,3763,314,3763,3,38,0,9.421,721,129,6.1,1.5,30.3,49.7,5.8
Ereza/CustomActivityOnCrash,3761,542,3761,12,7,0,11.762,1345,472,5.4,1.3333,32.3333,59.5333,6.1333
mpusher/mpush,3772,1449,3772,9,31,0,9.947,25595,8602,4.7312,1.3442,24.5653,37.7688,5.5101
jetty/jetty.project,4070,1990,4070,146,260,0,14.738,1108583,194631,5.4787,1.6308,25.4936,48.1485,4.2559
spotbugs/spotbugs,3856,652,3856,73,471,0,9.424,298532,70667,3.2463,1.3875,25.6831,41.2634,3.875
MovingBlocks/Terasology,3847,1360,3847,70,482,0,15.099,164660,29700,6.1578,1.4453,25.2466,39.7729,5.1549
jtablesaw/tablesaw,3746,654,3746,84,143,0,10.27,68585,11352,6.2706,1.285,108.5294,63.3556,8.6588
Netflix/maestro,3747,276,3747,0,28,0,1.977,115244,18244,8.4489,1.5804,27.3298,51.8178,4.8747
coderbruis/JavaSourceCodeLearning,3731,600,3731,0,6,0,5.851,9390,2373,2.8549,1.2587,3.1388,19.0694,2.4038
roboguice/roboguice,3738,812,3738,0,147,0,13.654,80892,19653,3.9475,1.31,7.1277,22.1967,2.2705
lihangleo2/ShadowLayout,3730,423,3730,32,9,0,6.752,4848,802,4.2133,1.16,29.7733,59.2933,4.24
stfalcon-studio/ChatKit,3725,831,3725,1,133,0,9.18,6002,1306,5.7685,2.8981,35.4815,43.3333,5.4907
undertow-io/undertow,3745,1054,3745,18,42,0,13.722,213065,50662,5.2234,1.2438,37.1685,52.7634,4.6997
DependencyTrack/dependency-track,3732,723,3732,76,1062,0,12.728,115452,19861,8.9767,1.5226,112.6667,83.6776,7.5487
ethanhua/Skeleton,3723,459,3723,0,28,0,8.693,817,93,3.7273,1.2424,4.6061,22.7879,2.7273
andOTP/andOTP,3726,376,3726,38,198,0,8.761,10210,1259,6.1084,1.5,41.4157,50.8614,4.5723
Atmosphere/atmosphere,3751,755,3751,29,0,0,15.775,147142,40214,5.7159,1.2063,29.6718,50.6453,5.9184
HelloWorld521/Java,3719,1524,3719,0,83,0,9.333,4928,1025,4.1694,1.3306,5.0968,21.75,3.25
willowtreeapps/spruce-android,3711,365,3711,3,1,0,9.12,7082,2471,4.8607,1.3689,5.3525,34.9918,3.4508
OpenHFT/Chronicle-Queue,3717,560,3717,540,34,0,12.851,47041,10074,5.3958,1.5966,169.3447,55.0663,6.339
liuyubobobo/Play-with-Algorithms,3710,1451,3710,0,0,0,9.758,20846,4005,2.8947,1.0075,5.203,39.7519,4.8421
grpc-ecosystem/grpc-spring,3706,864,3706,34,172,0,9.273,24400,9556,6.6053,1.4785,5.3684,25.7225,3.0359
ryanhoo/StylishMusicPlayer,3698,763,3698,0,25,0,9.569,6875,892,5.0258,1.3093,13.2165,29.7784,4.2062
ByteLegend/ByteLegend,3705,146,3705,0,46,0,5.183,76240,5421,6.9797,1.0034,727.8441,352.6508,28.9593
dingjikerbo/Android-BluetoothKit,3698,757,3698,0,115,0,10.502,9435,709,4.0747,1.249,18.7012,34.6349,4.4066
portfolio-performance/portfolio,3760,761,3760,265,465,0,14.042,432925,47909,7.4293,1.4032,86.6265,110.3907,7.1946
microservices-patterns/ftgo-application,3698,1403,3698,0,97,0,8.46,10709,179,5.3459,1.1892,8.1919,18.5622,3.6378
IrisShaders/Iris,3697,734,3697,140,619,0,5.459,51326,5088,6.1803,1.3056,24.1199,41.2192,4.5821
DataLinkDC/dinky,3718,1330,3718,32,217,0,4.832,175025,45603,7.0497,1.3665,25.1426,44.7132,4.9378
Haleydu/Cimoc,3685,237,3685,61,100,0,5.749,30155,2824,5.8645,1.5041,23.2694,43.1901,4.9983
FasterXML/jackson-databind,3700,1477,3700,0,145,0,14.294,257863,59083,3.7764,1.7366,23.6042,32.0323,3.4494
1024-lab/smart-admin,3694,977,3694,24,7,0,6.396,63119,20753,6.4164,1.2282,3.777,22.453,2.2091
Mojang/brigadier,3683,406,3683,3,81,0,11.565,6117,448,6.6353,1.1529,44.5529,50.7294,8.2235
mbechler/marshalsec,3672,683,3672,0,5,0,8.882,4990,1805,7.2917,1.8194,14.5833,30.75,3.8194
lisawray/groupie,3670,294,3670,28,69,0,9.599,4785,502,5.0968,1.828,29.9032,41.914,6.1613
yangfuhai/ASimpleCache,3665,1232,3665,0,33,0,12.698,2385,798,4.4483,1.4483,38.5172,68.7241,5.7931
apache/incubator-heron,3685,583,3685,56,409,0,10.538,137288,43762,5.6985,1.4663,20.7481,42.0687,5.1415
linkedin/databus,3679,735,3679,0,40,0,13.306,183338,34594,5.5257,1.3569,46.7348,82.0191,7.1286
google/rejoiner,3664,135,3664,3,48,0,8.337,6742,1326,6.6183,1.5725,4.9237,27.2214,3.0992
KunMinX/Linkage-RecyclerView,3655,461,3655,0,4,0,6.965,3302,850,6.4,1.5467,10.3867,34.0267,4.12
anggrayudi/android-hidden-api,3649,651,3649,2,41,0,10.563,790,349,8.0,1.0,56.5,119.5,21.25
apache/kylin,3765,1512,3765,2,80,0,11.264,477851,77225,7.7456,1.4991,137.7251,66.71,6.2132
spring-io/initializr,3665,1796,3665,19,37,0,12.838,54906,17716,6.2083,1.263,35.6449,44.8051,6.239
fyhertz/libstreaming,3645,1074,3645,0,248,0,13.185,8166,2154,3.573,1.4157,23.2921,76.382,5.6742
networknt/light-4j,3678,629,3678,195,14,0,9.577,115801,30520,4.7583,1.1678,25.0485,58.5035,5.7614
huburt-Hu/NewbieGuide,3645,529,3645,20,113,0,8.698,2357,357,4.3077,1.1795,10.4359,24.3077,2.9872
dromara/liteflow,3702,505,3702,0,57,0,6.04,112180,22202,4.88,1.7847,15.0701,21.5368,3.2988
termux/termux-api,3629,764,3629,53,283,0,10.768,8503,716,5.4702,1.3929,3.6845,69.4881,2.8095
litesuits/android-common,3629,1078,3629,0,13,0,11.863,12153,5699,3.5176,1.2471,124.3529,76.6941,7.9647
helidon-io/helidon,3772,596,3772,139,654,0,7.617,588163,195002,5.484,1.3802,34.0586,44.8555,5.654
apache/tika,3685,922,3685,0,60,0,16.884,299575,84694,6.0926,1.5098,30.7395,69.2026,5.9135
PlexPt/chatgpt-java,3612,697,3612,24,47,0,3.337,3700,831,5.2754,1.2754,14.5942,29.1884,3.6232
dropbox/hackpad,3646,520,3646,0,46,0,10.653,117241,30888,5.0792,1.8061,152.2989,141.7302,9.8869
TNG/ArchUnit,3650,333,3650,43,182,0,8.966,109109,16139,3.6093,1.2753,39.4931,21.8195,3.129
oasisfeng/island,3625,253,3625,50,463,0,9.96,9120,1048,6.7978,1.5191,52.1148,41.6995,5.0219
hmkcode/Android,3607,3390,3607,0,78,0,12.6,2665,255,4.6964,1.6429,2.1429,24.7679,3.1786
googlemaps/android-maps-utils,3607,1543,3607,63,52,0,12.895,21793,7326,7.0138,1.6743,37.9083,63.9725,6.6972
rockerhieu/emojicon,3605,813,3605,2,83,0,12.222,4393,553,5.1538,1.5641,6.7692,76.1795,4.2051
cSploit/android,3592,1139,3592,33,391,0,11.513,22997,3033,4.209,1.5176,15.6523,44.252,3.2578
springdoc/springdoc-openapi,3694,592,3694,103,8,0,6.743,255222,137312,3.9342,1.3137,9.0745,14.451,2.4949
tyrantgit/ExplosionField,3584,570,3584,0,25,0,10.543,395,51,4.9,1.5,4.3,34.3,2.9
WVector/AppUpdate,3582,740,3582,3,87,0,8.805,3741,1059,4.4375,1.1562,37.1406,45.7031,5.4844
kikoso/android-stackblur,3578,650,3578,0,13,0,12.649,1000,189,1.7805,1.0976,0.5854,22.7561,0.9512
spockframework/spock,3628,479,3628,28,194,0,15.321,47610,16575,5.3924,1.4387,34.3951,35.2466,5.4578
vert-x3/vertx-examples,3586,2047,3586,0,47,0,11.118,16241,2474,5.351,1.8234,1.0265,20.1325,2.2627
dtinit/data-transfer-project,3610,491,3610,61,37,0,8.257,69232,13573,6.8726,1.2484,6.8715,36.5043,4.1242
dongjunkun/DropDownMenu,3567,781,3567,2,57,0,10.795,628,85,4.5263,1.3684,2.1579,27.0,2.5789
JakeWharton/ThreeTenABP,3559,135,3559,0,4,0,10.765,175,9,4.2857,1.4286,1.4286,16.7143,2.2857
davideas/FlexibleAdapter,3569,556,3569,31,52,0,10.935,25754,8837,5.9877,2.1135,102.1564,48.6411,5.9417
LinShunKang/MyPerf4J,3565,557,3565,25,6,0,8.079,13550,1281,3.8997,1.1567,10.1567,32.9749,3.8119
M66B/NetGuard,3555,301,3555,165,1,0,10.456,12503,967,4.809,1.2513,18.4925,65.4322,3.2613
bilibili/MagicaSakura,3551,460,3551,3,25,0,9.793,6952,1025,8.2976,1.6786,25.4405,63.8929,7.119
Netflix/concurrency-limits,3550,324,3550,103,52,0,8.323,6944,1659,4.6094,1.2812,8.3828,40.2578,4.6016
dariuszseweryn/RxAndroidBle,3551,591,3551,60,61,0,10.177,21552,3314,5.3732,1.3145,53.4822,32.4507,4.7883
johncarl81/parceler,3539,272,3539,0,33,0,12.767,13132,3342,4.6932,1.35,16.5886,23.0818,2.8795
code4craft/netty-learning,3553,1185,3553,0,3,0,12.553,109142,39563,5.0636,1.6503,39.2491,59.0713,5.8505
Aefyr/SAI,3533,309,3533,45,3,0,7.316,18906,801,6.4271,1.5396,13.2634,41.9463,5.2813
arimorty/floatingsearchview,3532,657,3532,0,77,0,10.379,4455,889,3.5704,1.1778,26.2815,30.8889,2.9037
Guardsquare/proguard,3535,478,3535,36,188,0,7.036,79433,23757,9.2534,1.2328,58.5448,57.4052,6.3
immutables/immutables,3552,293,3552,21,445,0,12.756,99461,24196,4.6649,1.2849,30.7194,25.9444,3.409
rom1v/sndcpy,3522,323,3522,2,178,0,5.829,215,2,7.75,2.0,20.25,53.5,5.0
luontola/retrolambda,3527,226,3527,0,28,0,12.72,5537,575,2.4083,1.4125,9.0042,20.2,2.7083
andremion/Music-Player,3519,700,3519,2,3,0,9.922,1169,270,4.4062,1.75,5.0312,28.9375,3.5625
kubernetes-client/java,3952,2091,3952,58,22,0,8.917,1983936,633691,12.564,1.14,0.5855,192.01,11.06
nageoffer/12306,3529,350,3529,0,11,0,2.861,26343,12832,5.0478,1.2033,2.7105,20.7177,1.8325
camunda/camunda,4069,757,4069,575,2506,0,10.053,1610974,267234,7.1601,1.3574,30.5819,42.9915,6.1488
lsjwzh/RecyclerViewPager,3506,661,3506,10,124,0,11.222,2634,203,4.3099,1.493,9.9718,38.5211,3.2535
nytimes/Store,3504,305,3504,0,41,0,9.355,14683,3216,6.1828,1.5621,17.0552,38.9241,4.5759
Athou/commafeed,3498,397,3498,66,44,0,13.051,13766,586,7.4424,1.368,5.9628,35.4164,3.2714
codeestX/GeekNews,3498,819,3498,0,50,0,9.67,13901,1734,4.6241,1.4465,10.0091,27.1959,3.697
baoyongzhang/SwipeMenuListView,3496,1258,3496,2,137,0,11.625,1510,236,4.3939,1.4545,15.2424,40.8182,4.6061
lenve/JavaEETest,3513,2786,3513,0,68,0,9.32,5889,725,3.3442,1.0779,3.2662,13.8506,2.7857
spring-cloud/spring-cloud-kubernetes,3532,1053,3532,40,23,0,9.317,92861,27722,8.2527,1.2973,4.886,30.2287,3.4963
KingJA/LoadSir,3483,507,3483,6,24,0,8.6,1168,197,5.1892,1.5541,4.0135,20.0135,2.7297
getActivity/Toaster,3483,424,3483,38,2,0,7.562,2121,563,4.5278,1.3333,38.6389,41.1389,6.1389
phodal/migration,3476,569,3476,0,0,0,6.251,159,11,1.4167,1.0,0.0833,8.4167,1.0833
ittianyu/BottomNavigationViewEx,3475,555,3475,19,58,0,9.405,1922,541,4.8966,1.5862,50.1379,47.2759,5.069
WinterChenS/my-site,3474,1069,3474,0,18,0,7.934,6585,1828,6.1889,1.1889,35.0222,38.8444,4.7889
rubensousa/PreviewSeekBar,3468,427,3468,10,10,0,9.202,1753,395,5.6522,1.1739,28.1739,50.6957,7.8261
apache/logging-log4j2,3590,1709,3590,18,221,0,12.824,310553,98804,5.5182,1.5132,46.4702,49.0651,5.8171
AxonFramework/AxonFramework,3572,839,3572,150,224,0,14.352,318189,120277,6.1649,1.2582,11.9136,36.3851,4.3301
elastic/elasticsearch,76480,25831,76480,241,5571,0,16.164,4845818,588482,2.11,1.9867,0.382,140.01,5.19
alibaba/Alink,3618,791,3618,22,59,0,7.524,521643,73330,6.4376,1.6266,34.7027,58.1337,4.4708
apache/incubator-kie-optaplanner,3491,968,3491,6,21,0,15.143,287000,79721,7.2507,1.8411,49.2208,48.3751,6.4072
fabric8io/kubernetes-client,3641,1504,3641,131,91,0,10.752,1048009,200632,21.8935,1.115,85.8786,47.7364,11.1557
eclipse-openj9/openj9,3508,784,3508,57,3047,0,8.621,820728,228418,3.3705,1.5252,111.2166,90.8979,8.7287
Nekogram/Nekogram,3592,226,3592,46,25,0,2.579,1499355,106589,6.9446,1.6698,65.2495,119.4803,5.4248
